timestamp_iso,helmet_id,rssi,signal_percent,client_ip
2025-11-27T12:08:02.094239,3001,-51,78,127.0.0.1
2025-11-27T12:08:09.063031,4001,-47,85,127.0.0.1
2025-11-27T12:08:09.603241,4001,-47,85,127.0.0.1
2025-11-27T12:08:10.123209,4001,-48,84,127.0.0.1
2025-11-27T12:08:10.637904,4001,-53,73,127.0.0.1
2025-11-27T12:08:11.163399,4001,-55,69,127.0.0.1
2025-11-27T12:09:19.824263,9999,-42,95,127.0.0.1
2025-11-27T12:09:34.219881,1001,-52,75,127.0.0.1
2025-11-27T12:09:35.237600,1002,-50,80,127.0.0.1
2025-11-27T12:09:36.257163,1003,-47,85,127.0.0.1
2025-11-27T12:25:21.649409,13433,-51,78,127.0.0.1
2025-11-27T12:25:27.094625,13433,-51,78,127.0.0.1
2025-11-27T12:25:29.761227,13433,-49,82,127.0.0.1
2025-11-27T12:25:32.422149,13433,-56,68,127.0.0.1
2025-11-27T12:25:35.212045,13433,-51,78,127.0.0.1
2025-11-27T12:25:38.767037,13433,-49,82,127.0.0.1
2025-11-27T12:25:41.869470,13433,-49,82,127.0.0.1
2025-11-27T12:25:44.603251,13433,-50,80,127.0.0.1
2025-11-27T12:25:47.189636,13433,-52,76,127.0.0.1
2025-11-27T12:25:49.911768,13433,-52,76,127.0.0.1
2025-11-27T12:25:52.573621,13433,-56,68,127.0.0.1
2025-11-27T12:25:55.560285,13433,-56,68,127.0.0.1
2025-11-27T12:25:58.207758,13433,-49,82,127.0.0.1
2025-11-27T12:26:00.882681,13433,-51,78,127.0.0.1
2025-11-27T12:26:03.957786,13433,-55,70,127.0.0.1
2025-11-27T12:26:07.068320,13433,-52,76,127.0.0.1
2025-11-27T12:26:09.762856,13433,-55,70,127.0.0.1
2025-11-27T12:26:12.339776,13433,-52,76,127.0.0.1
2025-11-27T12:26:15.221210,13433,-55,70,127.0.0.1
2025-11-27T12:26:17.889789,13433,-51,78,127.0.0.1
2025-11-27T12:26:20.750927,13433,-56,68,127.0.0.1
2025-11-27T12:26:23.823002,13433,-57,66,127.0.0.1
2025-11-27T12:26:26.900545,13433,-56,68,127.0.0.1
2025-11-27T12:26:30.378202,13433,-52,76,127.0.0.1
2025-11-27T12:26:33.037126,13433,-49,82,127.0.0.1
2025-11-27T12:26:35.800659,13433,-52,76,127.0.0.1
2025-11-27T12:26:40.795510,13433,-52,76,127.0.0.1
2025-11-27T12:26:44.123819,13433,-51,78,127.0.0.1
2025-11-27T12:26:46.756262,13433,-57,66,127.0.0.1
2025-11-27T12:26:49.430568,13433,-50,80,127.0.0.1
2025-11-27T12:26:52.084124,13433,-49,82,127.0.0.1
2025-11-27T12:26:56.035199,13433,-49,82,127.0.0.1
2025-11-27T12:26:59.353951,13433,-52,76,127.0.0.1
2025-11-27T12:27:02.938785,13433,-52,76,127.0.0.1
2025-11-27T12:27:05.713025,13433,-49,82,127.0.0.1
2025-11-27T12:27:08.563063,13433,-55,70,127.0.0.1
2025-11-27T12:27:11.540721,13433,-51,78,127.0.0.1
2025-11-27T12:27:14.510907,13433,-56,68,127.0.0.1
2025-11-27T12:27:17.278466,13433,-49,82,127.0.0.1
2025-11-27T12:27:20.040345,13433,-51,78,127.0.0.1
2025-11-27T12:27:22.599497,13433,-51,78,127.0.0.1
2025-11-27T12:27:25.365043,13433,-49,82,127.0.0.1
2025-11-27T12:27:28.456205,13433,-52,76,127.0.0.1
2025-11-27T12:27:31.414425,13433,-51,78,127.0.0.1
2025-11-27T12:27:34.087001,13433,-55,70,127.0.0.1
2025-11-27T12:27:36.740984,13433,-58,64,127.0.0.1
2025-11-27T12:27:39.413778,13433,-59,62,127.0.0.1
2025-11-27T12:27:42.065222,13433,-56,68,127.0.0.1
2025-11-27T12:27:44.725052,13433,-51,78,127.0.0.1
2025-11-27T12:27:47.401442,13433,-49,82,127.0.0.1
2025-11-27T12:27:50.043519,13433,-56,68,127.0.0.1
2025-11-27T12:27:52.818667,13433,-55,70,127.0.0.1
2025-11-27T12:27:55.982710,13433,-51,78,127.0.0.1
2025-11-27T12:27:58.859703,13433,-51,78,127.0.0.1
2025-11-27T12:28:01.512863,13433,-56,68,127.0.0.1
2025-11-27T12:28:04.479471,13433,-55,70,127.0.0.1
2025-11-27T12:28:07.639630,13433,-52,76,127.0.0.1
2025-11-27T12:28:10.339558,13433,-54,72,127.0.0.1
2025-11-27T12:28:12.982708,13433,-50,80,127.0.0.1
2025-11-27T12:28:16.054384,13433,-51,78,127.0.0.1
2025-11-27T12:28:18.734530,13433,-50,80,127.0.0.1
2025-11-27T12:28:21.376769,13433,-55,70,127.0.0.1
2025-11-27T12:28:24.056769,13433,-50,80,127.0.0.1
2025-11-27T12:28:26.807242,13433,-51,78,127.0.0.1
2025-11-27T12:28:29.374402,13433,-51,78,127.0.0.1
2025-11-27T12:28:32.232251,13433,-51,78,127.0.0.1
2025-11-27T12:28:35.101788,13433,-49,82,127.0.0.1
2025-11-27T12:28:37.970816,13433,-51,78,127.0.0.1
2025-11-27T12:28:40.628555,13433,-55,70,127.0.0.1
2025-11-27T12:28:43.292050,13433,-55,70,127.0.0.1
2025-11-27T12:28:45.968336,13433,-54,72,127.0.0.1
2025-11-27T12:28:48.723425,13433,-54,72,127.0.0.1
2025-11-27T12:28:51.381414,13433,-55,70,127.0.0.1
2025-11-27T12:28:53.928767,13433,-51,78,127.0.0.1
2025-11-27T12:28:56.704081,13433,-49,82,127.0.0.1
2025-11-27T12:28:59.665987,13433,-55,70,127.0.0.1
2025-11-27T12:29:02.649120,13433,-55,70,127.0.0.1
2025-11-27T12:29:05.511869,13433,-51,78,127.0.0.1
2025-11-27T12:29:08.063189,13433,-49,82,127.0.0.1
2025-11-27T12:29:10.732231,13433,-51,78,127.0.0.1
2025-11-27T12:29:13.386502,13433,-49,82,127.0.0.1
2025-11-27T12:29:16.168110,13433,-55,70,127.0.0.1
2025-11-27T12:29:18.909872,13433,-51,78,127.0.0.1
2025-11-27T12:29:21.593958,13433,-49,82,127.0.0.1
2025-11-27T12:29:24.259331,13433,-55,70,127.0.0.1
2025-11-27T12:29:26.903215,13433,-55,70,127.0.0.1
2025-11-27T12:29:29.682535,13433,-50,80,127.0.0.1
2025-11-27T12:29:32.425850,13433,-55,70,127.0.0.1
2025-11-27T12:29:35.105565,13433,-52,76,127.0.0.1
2025-11-27T12:29:38.055575,13433,-55,70,127.0.0.1
2025-11-27T12:29:40.630815,13433,-54,72,127.0.0.1
2025-11-27T12:29:43.292258,13433,-51,78,127.0.0.1
2025-11-27T12:29:46.173542,13433,-55,70,127.0.0.1
2025-11-27T12:29:49.170091,13433,-49,82,127.0.0.1
2025-11-27T12:29:52.003429,13433,-54,72,127.0.0.1
2025-11-27T12:29:54.853161,13433,-52,76,127.0.0.1
2025-11-27T12:29:57.438460,13433,-55,70,127.0.0.1
2025-11-27T12:30:00.100144,13433,-55,70,127.0.0.1
2025-11-27T12:30:03.015610,65269,-62,56,127.0.0.1
2025-11-27T12:30:05.978811,13433,-55,70,127.0.0.1
2025-11-27T12:30:08.713278,65269,-63,54,127.0.0.1
2025-11-27T12:30:11.571056,65269,-62,56,127.0.0.1
2025-11-27T12:30:14.270639,65269,-60,60,127.0.0.1
2025-11-27T12:30:16.871748,1967,-68,44,127.0.0.1
2025-11-27T12:30:20.339786,65269,-72,36,127.0.0.1
2025-11-27T12:30:23.043162,1967,-68,44,127.0.0.1
2025-11-27T12:30:25.691828,65269,-63,54,127.0.0.1
2025-11-27T12:30:28.354255,1967,-68,44,127.0.0.1
2025-11-27T12:30:31.256974,13433,-55,70,127.0.0.1
2025-11-27T12:30:34.108854,65269,-62,56,127.0.0.1
2025-11-27T12:30:37.044577,65269,-62,56,127.0.0.1
2025-11-27T12:30:40.251985,65269,-67,46,127.0.0.1
2025-11-27T12:30:42.894491,1967,-69,42,127.0.0.1
2025-11-27T12:30:45.659958,65269,-61,58,127.0.0.1
2025-11-27T12:30:48.228633,1967,-68,44,127.0.0.1
2025-11-27T12:30:50.887936,65269,-66,48,127.0.0.1
2025-11-27T12:30:53.547770,65269,-64,52,127.0.0.1
2025-11-27T12:30:56.201713,1967,-68,44,127.0.0.1
2025-11-27T12:30:58.860598,65269,-62,56,127.0.0.1
2025-11-27T12:31:01.520627,65269,-61,58,127.0.0.1
2025-11-27T12:31:04.003455,1967,-68,44,127.0.0.1
2025-11-27T12:31:06.643631,1967,-68,44,127.0.0.1
2025-11-27T12:31:09.098114,65269,-66,48,127.0.0.1
2025-11-27T12:31:11.782808,1967,-66,48,127.0.0.1
2025-11-27T12:31:14.428768,65269,-68,44,127.0.0.1
2025-11-27T12:31:17.102171,13433,-49,82,127.0.0.1
2025-11-27T12:31:19.748150,65269,-66,48,127.0.0.1
2025-11-27T12:31:22.207551,65269,-68,44,127.0.0.1
2025-11-27T12:31:25.226255,65269,-68,44,127.0.0.1
2025-11-27T12:31:27.949486,65269,-61,58,127.0.0.1
2025-11-27T12:31:30.922250,65269,-69,42,127.0.0.1
2025-11-27T12:31:33.485339,1967,-68,44,127.0.0.1
2025-11-27T12:31:36.347779,1967,-67,46,127.0.0.1
2025-11-27T12:31:39.532421,1967,-69,42,127.0.0.1
2025-11-27T12:31:42.097864,65269,-64,52,127.0.0.1
2025-11-27T12:31:45.150521,13433,-50,80,127.0.0.1
2025-11-27T12:31:47.924751,65269,-62,56,127.0.0.1
2025-11-27T12:31:50.994555,65269,-62,56,127.0.0.1
2025-11-27T12:31:53.760862,65269,-61,58,127.0.0.1
2025-11-27T12:31:56.420384,65269,-64,52,127.0.0.1
2025-11-27T12:31:59.087628,1967,-67,46,127.0.0.1
2025-11-27T12:32:01.949665,13433,-50,80,127.0.0.1
2025-11-27T12:32:04.613298,1967,-69,42,127.0.0.1
2025-11-27T12:32:07.646637,1967,-67,46,127.0.0.1
2025-11-27T12:32:11.001896,13433,-48,84,127.0.0.1
2025-11-27T12:32:13.722245,65269,-62,56,127.0.0.1
2025-11-27T12:32:16.799047,65269,-61,58,127.0.0.1
2025-11-27T12:32:19.578138,13433,-54,72,127.0.0.1
2025-11-27T12:32:22.210397,13433,-53,74,127.0.0.1
2025-11-27T12:32:25.296363,13433,-54,72,127.0.0.1
2025-11-27T12:32:27.962288,13433,-54,72,127.0.0.1
2025-11-27T12:32:30.828539,1967,-66,48,127.0.0.1
2025-11-27T12:32:33.793976,65269,-61,58,127.0.0.1
2025-11-27T12:32:36.351539,1967,-69,42,127.0.0.1
2025-11-27T12:32:39.259066,1967,-69,42,127.0.0.1
2025-11-27T12:32:41.971431,65269,-62,56,127.0.0.1
2025-11-27T12:32:44.742145,65269,-64,52,127.0.0.1
2025-11-27T12:32:47.199759,65269,-65,50,127.0.0.1
2025-11-27T12:32:49.873727,1967,-67,46,127.0.0.1
2025-11-27T12:32:52.538760,1967,-67,46,127.0.0.1
2025-11-27T12:32:55.606230,13433,-51,78,127.0.0.1
2025-11-27T12:32:58.468534,1967,-70,40,127.0.0.1
2025-11-27T12:33:01.441483,1967,-69,42,127.0.0.1
2025-11-27T12:33:04.315561,65269,-61,58,127.0.0.1
2025-11-27T12:33:06.936598,13433,-54,72,127.0.0.1
2025-11-27T12:33:09.737862,65269,-68,44,127.0.0.1
2025-11-27T12:33:12.606736,65269,-63,54,127.0.0.1
2025-11-27T12:33:15.268822,1967,-68,44,127.0.0.1
2025-11-27T12:33:17.929117,65269,-69,42,127.0.0.1
2025-11-27T12:33:20.589802,1967,-68,44,127.0.0.1
2025-11-27T12:33:23.152455,1967,-68,44,127.0.0.1
2025-11-27T12:33:26.225159,1967,-67,46,127.0.0.1
2025-11-27T12:33:28.887774,65269,-65,50,127.0.0.1
2025-11-27T12:33:31.651361,65269,-66,48,127.0.0.1
2025-11-27T12:33:34.416909,65269,-60,60,127.0.0.1
2025-11-27T12:33:37.176442,1967,-68,44,127.0.0.1
2025-11-27T12:33:40.051429,65269,-62,56,127.0.0.1
2025-11-27T12:33:42.771932,13433,-49,82,127.0.0.1
2025-11-27T12:33:45.477779,65269,-61,58,127.0.0.1
2025-11-27T12:33:48.139940,65269,-73,34,127.0.0.1
2025-11-27T12:33:50.817979,1967,-69,42,127.0.0.1
2025-11-27T12:33:53.583059,13433,-52,76,127.0.0.1
2025-11-27T12:33:56.223022,65269,-63,54,127.0.0.1
2025-11-27T12:33:59.100590,13433,-55,70,127.0.0.1
2025-11-27T12:34:01.741537,65269,-67,46,127.0.0.1
2025-11-27T12:34:04.215697,1967,-68,44,127.0.0.1
2025-11-27T12:34:06.918567,65269,-61,58,127.0.0.1
2025-11-27T12:34:09.555429,13433,-56,68,127.0.0.1
2025-11-27T12:34:12.214404,65269,-69,42,127.0.0.1
2025-11-27T12:34:14.971406,1967,-68,44,127.0.0.1
2025-11-27T12:34:17.522858,1967,-66,48,127.0.0.1
2025-11-27T12:34:20.214300,1967,-67,46,127.0.0.1
2025-11-27T12:34:23.482520,65269,-65,50,127.0.0.1
2025-11-27T12:34:26.192261,1967,-69,42,127.0.0.1
2025-11-27T12:34:29.098301,65269,-67,46,127.0.0.1
2025-11-27T12:34:31.656478,65269,-62,56,127.0.0.1
2025-11-27T12:34:34.323262,13433,-56,68,127.0.0.1
2025-11-27T12:34:37.094859,65269,-66,48,127.0.0.1
2025-11-27T12:34:39.688296,65269,-64,52,127.0.0.1
2025-11-27T12:34:42.627084,1967,-72,36,127.0.0.1
2025-11-27T12:34:45.223270,65269,-66,48,127.0.0.1
2025-11-27T12:34:48.763727,65269,-67,46,127.0.0.1
2025-11-27T12:34:52.450508,65269,-64,52,127.0.0.1
2025-11-27T12:34:56.355917,65269,-64,52,127.0.0.1
2025-11-27T12:35:00.133862,65269,-67,46,127.0.0.1
2025-11-27T12:35:03.817463,13433,-54,72,127.0.0.1
2025-11-27T12:35:07.904550,65269,-88,4,127.0.0.1
2025-11-27T12:35:10.577034,1967,-70,40,127.0.0.1
2025-11-27T12:35:13.251887,1967,-71,38,127.0.0.1
2025-11-27T12:35:16.220064,1967,-69,42,127.0.0.1
2025-11-27T12:35:19.544262,1967,-68,44,127.0.0.1
2025-11-27T12:35:22.249534,65269,-67,46,127.0.0.1
2025-11-27T12:35:25.126230,1967,-69,42,127.0.0.1
2025-11-27T12:35:27.764855,1967,-70,40,127.0.0.1
2025-11-27T12:35:30.231112,65269,-62,56,127.0.0.1
2025-11-27T12:35:32.893482,65269,-63,54,127.0.0.1
2025-11-27T12:35:35.570516,1967,-70,40,127.0.0.1
2025-11-27T12:35:39.139489,1967,-68,44,127.0.0.1
2025-11-27T12:35:41.712216,13433,-55,70,127.0.0.1
2025-11-27T12:35:44.567985,1967,-70,40,127.0.0.1
2025-11-27T12:35:47.640676,1967,-69,42,127.0.0.1
2025-11-27T12:35:51.228239,1967,-70,40,127.0.0.1
2025-11-27T12:35:54.603139,1967,-70,40,127.0.0.1
2025-11-27T12:35:57.931319,65269,-65,50,127.0.0.1
2025-11-27T12:36:00.953558,1967,-69,42,127.0.0.1
2025-11-27T12:36:03.841594,65269,-65,50,127.0.0.1
2025-11-27T12:36:06.803772,1967,-69,42,127.0.0.1
2025-11-27T12:36:09.771215,1967,-70,40,127.0.0.1
2025-11-27T12:36:12.746443,65269,-65,50,127.0.0.1
2025-11-27T12:36:15.293816,65269,-63,54,127.0.0.1
2025-11-27T12:36:18.162667,65269,-62,56,127.0.0.1
2025-11-27T12:36:20.917289,1967,-68,44,127.0.0.1
2025-11-27T12:36:23.695611,1967,-68,44,127.0.0.1
2025-11-27T12:36:26.352100,65269,-66,48,127.0.0.1
2025-11-27T12:36:29.320677,1967,-68,44,127.0.0.1
2025-11-27T12:36:31.867587,65269,-61,58,127.0.0.1
2025-11-27T12:36:34.645765,1967,-69,42,127.0.0.1
2025-11-27T12:36:37.205676,1967,-67,46,127.0.0.1
2025-11-27T12:36:40.196323,65269,-61,58,127.0.0.1
2025-11-27T12:36:42.838854,1967,-69,42,127.0.0.1
2025-11-27T12:36:45.629976,13433,-50,80,127.0.0.1
2025-11-27T12:36:48.467868,65269,-67,46,127.0.0.1
2025-11-27T12:36:51.377796,65269,-70,40,127.0.0.1
2025-11-27T12:36:54.099613,1967,-67,46,127.0.0.1
2025-11-27T12:36:56.759820,65269,-63,54,127.0.0.1
2025-11-27T12:36:59.530578,1967,-68,44,127.0.0.1
2025-11-27T12:37:02.390376,65269,-63,54,127.0.0.1
2025-11-27T12:37:05.255714,65269,-72,36,127.0.0.1
2025-11-27T12:37:08.123802,65269,-64,52,127.0.0.1
2025-11-27T12:37:10.799119,1967,-69,42,127.0.0.1
2025-11-27T12:37:13.440717,13433,-48,84,127.0.0.1
2025-11-27T12:37:15.923983,13433,-54,72,127.0.0.1
2025-11-27T12:37:18.889611,65269,-69,42,127.0.0.1
2025-11-27T12:37:21.445002,13433,-50,80,127.0.0.1
2025-11-27T12:37:24.614957,1967,-68,44,127.0.0.1
2025-11-27T12:37:27.407588,1967,-66,48,127.0.0.1
2025-11-27T12:37:30.058502,65269,-66,48,127.0.0.1
2025-11-27T12:37:32.920690,1967,-72,36,127.0.0.1
2025-11-27T12:37:35.685942,13433,-52,76,127.0.0.1
2025-11-27T12:37:38.538371,65269,-79,22,127.0.0.1
2025-11-27T12:37:41.509539,1967,-73,34,127.0.0.1
2025-11-27T12:37:44.170968,65269,-70,40,127.0.0.1
2025-11-27T12:37:47.042301,1967,-70,40,127.0.0.1
2025-11-27T12:37:50.006893,13433,-49,82,127.0.0.1
2025-11-27T12:37:52.873993,65269,-83,14,127.0.0.1
2025-11-27T12:37:55.841537,65269,-63,54,127.0.0.1
2025-11-27T12:37:58.722229,65269,-64,52,127.0.0.1
2025-11-27T12:38:01.891724,1967,-66,48,127.0.0.1
2025-11-27T12:38:04.753900,1967,-69,42,127.0.0.1
2025-11-27T12:38:08.030146,65269,-68,44,127.0.0.1
2025-11-27T12:38:10.999452,65269,-66,48,127.0.0.1
2025-11-27T12:38:13.682063,65269,-64,52,127.0.0.1
2025-11-27T12:38:16.333768,65269,-65,50,127.0.0.1
2025-11-27T12:38:19.296855,65269,-65,50,127.0.0.1
2025-11-27T12:38:22.051298,65269,-72,36,127.0.0.1
2025-11-27T12:38:24.925825,1967,-68,44,127.0.0.1
2025-11-27T12:38:27.793219,65269,-66,48,127.0.0.1
2025-11-27T12:38:30.664376,1967,-68,44,127.0.0.1
2025-11-27T12:38:33.730136,1967,-67,46,127.0.0.1
2025-11-27T12:38:36.828690,65269,-74,32,127.0.0.1
2025-11-27T12:38:39.990482,13433,-51,78,127.0.0.1
2025-11-27T12:38:43.153613,1967,-67,46,127.0.0.1
2025-11-27T12:38:45.810328,65269,-62,56,127.0.0.1
2025-11-27T12:38:48.750355,65269,-65,50,127.0.0.1
2025-11-27T12:38:51.437369,1967,-69,42,127.0.0.1
2025-11-27T12:38:54.319594,1967,-68,44,127.0.0.1
2025-11-27T12:38:57.184204,65269,-66,48,127.0.0.1
2025-11-27T12:38:59.948996,13433,-50,80,127.0.0.1
2025-11-27T12:39:02.714934,13433,-58,64,127.0.0.1
2025-11-27T12:39:05.291907,65269,-62,56,127.0.0.1
2025-11-27T12:39:08.143560,65269,-66,48,127.0.0.1
2025-11-27T12:39:11.019536,13433,-55,70,127.0.0.1
2025-11-27T12:39:13.872957,65269,-68,44,127.0.0.1
2025-11-27T12:39:16.742780,13433,-53,74,127.0.0.1
2025-11-27T12:39:22.257767,65269,-74,32,127.0.0.1
2025-11-27T12:39:25.891716,65269,-62,56,127.0.0.1
2025-11-27T12:39:28.912991,1967,-68,44,127.0.0.1
2025-11-27T12:39:31.537035,13433,-54,72,127.0.0.1
2025-11-27T12:39:34.694092,1967,-67,46,127.0.0.1
2025-11-27T12:39:38.007460,65269,-71,38,127.0.0.1
2025-11-27T12:39:41.594335,65269,-63,54,127.0.0.1
2025-11-27T12:39:44.705628,1967,-66,48,127.0.0.1
2025-11-27T12:39:47.751597,65269,-62,56,127.0.0.1
2025-11-27T12:39:51.428533,65269,-64,52,127.0.0.1
2025-11-27T12:39:54.434207,65269,-67,46,127.0.0.1
2025-11-27T12:39:57.102904,1967,-69,42,127.0.0.1
2025-11-27T12:40:00.004846,65269,-70,40,127.0.0.1
2025-11-27T12:40:03.030446,13433,-55,70,127.0.0.1
2025-11-27T12:40:05.895015,1967,-67,46,127.0.0.1
2025-11-27T12:40:09.140651,65269,-67,46,127.0.0.1
2025-11-27T12:40:12.320112,65269,-67,46,127.0.0.1
2025-11-27T12:40:14.906007,13433,-50,80,127.0.0.1
2025-11-27T12:40:17.704716,65269,-63,54,127.0.0.1
2025-11-27T12:40:20.284407,65269,-63,54,127.0.0.1
2025-11-27T12:40:23.201415,65269,-63,54,127.0.0.1
2025-11-27T12:40:26.066849,1967,-68,44,127.0.0.1
2025-11-27T12:40:28.728115,1967,-67,46,127.0.0.1
2025-11-27T12:40:31.578808,65269,-73,34,127.0.0.1
2025-11-27T12:40:34.416207,65269,-68,44,127.0.0.1
2025-11-27T12:40:37.079540,13433,-52,76,127.0.0.1
2025-11-27T12:40:39.684466,13433,-54,72,127.0.0.1
2025-11-27T12:40:42.550174,13433,-52,76,127.0.0.1
2025-11-27T12:40:45.316167,65269,-64,52,127.0.0.1
2025-11-27T12:40:47.891775,1967,-66,48,127.0.0.1
2025-11-27T12:40:51.868285,1967,-68,44,127.0.0.1
2025-11-27T12:40:57.501806,1967,-68,44,127.0.0.1
2025-11-27T12:41:00.176094,65269,-65,50,127.0.0.1
2025-11-27T12:41:03.439737,13433,-53,74,127.0.0.1
2025-11-27T12:41:10.050925,65269,-63,54,127.0.0.1
2025-11-27T12:41:14.107303,13433,-52,76,127.0.0.1
2025-11-27T12:41:16.727610,1967,-68,44,127.0.0.1
2025-11-27T12:41:19.928802,1967,-68,44,127.0.0.1
2025-11-27T12:41:25.972150,1967,-66,48,127.0.0.1
2025-11-27T12:41:28.635728,1967,-67,46,127.0.0.1
2025-11-27T12:41:32.189970,1967,-66,48,127.0.0.1
2025-11-27T12:41:35.698781,1967,-66,48,127.0.0.1
2025-11-27T12:41:39.857714,1967,-66,48,127.0.0.1
2025-11-27T12:41:44.627572,13433,-54,72,127.0.0.1
2025-11-27T12:41:47.773393,13433,-51,78,127.0.0.1
2025-11-27T12:41:52.086317,13433,-54,72,127.0.0.1
2025-11-27T12:41:55.057238,65269,-69,42,127.0.0.1
2025-11-27T12:41:57.714538,1967,-67,46,127.0.0.1
2025-11-27T12:42:00.388264,13433,-51,78,127.0.0.1
2025-11-27T12:42:04.291811,65269,-63,54,127.0.0.1
2025-11-27T12:42:08.876031,13433,-51,78,127.0.0.1
2025-11-27T12:42:11.687280,65269,-64,52,127.0.0.1
2025-11-27T12:42:14.629067,1967,-68,44,127.0.0.1
2025-11-27T12:42:17.178708,1967,-75,30,127.0.0.1
2025-11-27T12:42:21.304080,1967,-73,34,127.0.0.1
2025-11-27T12:42:25.464670,65269,-63,54,127.0.0.1
2025-11-27T12:42:28.310207,65269,-68,44,127.0.0.1
2025-11-27T12:42:30.921342,65269,-67,46,127.0.0.1
2025-11-27T12:42:33.594052,13433,-59,62,127.0.0.1
2025-11-27T12:42:36.471061,1967,-74,32,127.0.0.1
2025-11-27T12:42:39.186628,65269,-61,58,127.0.0.1
2025-11-27T12:42:42.066756,1967,-77,26,127.0.0.1
2025-11-27T12:42:48.017587,13433,-60,60,127.0.0.1
2025-11-27T12:42:50.868268,13433,-61,58,127.0.0.1
2025-11-27T12:42:53.507547,1967,-75,30,127.0.0.1
2025-11-27T12:43:00.282311,65269,-69,42,127.0.0.1
2025-11-27T12:43:03.662330,65269,-69,42,127.0.0.1
2025-11-27T12:43:06.765336,65269,-64,52,127.0.0.1
2025-11-27T12:43:09.600305,13433,-60,60,127.0.0.1
2025-11-27T12:43:12.573581,65269,-62,56,127.0.0.1
2025-11-27T12:43:15.232485,1967,-75,30,127.0.0.1
2025-11-27T12:43:18.144785,1967,-72,36,127.0.0.1
2025-11-27T12:43:20.666096,1967,-72,36,127.0.0.1
2025-11-27T12:43:23.348228,1967,-73,34,127.0.0.1
2025-11-27T12:43:26.292450,1967,-71,38,127.0.0.1
2025-11-27T12:43:30.701828,1967,-72,36,127.0.0.1
2025-11-27T12:43:35.813897,1967,-72,36,127.0.0.1
2025-11-27T12:43:39.346000,1967,-75,30,127.0.0.1
2025-11-27T12:43:49.790029,65269,-61,58,127.0.0.1
2025-11-27T12:43:55.689603,65269,-67,46,127.0.0.1
2025-11-27T12:44:01.449784,65269,-63,54,127.0.0.1
2025-11-27T12:44:05.711398,65269,-62,56,127.0.0.1
2025-11-27T12:44:10.170621,65269,-63,54,127.0.0.1
2025-11-27T12:44:17.169504,65269,-65,50,127.0.0.1
2025-11-27T12:44:22.729995,1967,-74,32,127.0.0.1
2025-11-27T12:44:32.636482,1967,-72,36,127.0.0.1
2025-11-27T12:44:38.647879,1967,-72,36,127.0.0.1
2025-11-27T12:44:46.165036,65269,-69,42,127.0.0.1
2025-11-27T12:44:51.124077,13433,-61,58,127.0.0.1
2025-11-27T12:44:53.844747,1967,-73,34,127.0.0.1
2025-11-27T12:44:57.057432,1967,-74,32,127.0.0.1
2025-11-27T12:45:00.604103,1967,-81,18,127.0.0.1
2025-11-27T12:45:04.756687,1967,-75,30,127.0.0.1
2025-11-27T12:45:08.489332,65269,-62,56,127.0.0.1
2025-11-27T12:45:11.896564,65269,-64,52,127.0.0.1
2025-11-27T12:45:15.563875,1967,-75,30,127.0.0.1
2025-11-27T12:45:18.444634,65269,-65,50,127.0.0.1
2025-11-27T12:45:21.503817,65269,-61,58,127.0.0.1
2025-11-27T12:45:24.297520,65269,-63,54,127.0.0.1
2025-11-27T12:45:27.016342,65269,-62,56,127.0.0.1
2025-11-27T12:45:29.703942,65269,-62,56,127.0.0.1
2025-11-27T12:45:32.563149,13433,-60,60,127.0.0.1
2025-11-27T12:45:35.317875,65269,-62,56,127.0.0.1
2025-11-27T12:45:37.896386,65269,-60,60,127.0.0.1
2025-11-27T12:45:40.548096,65269,-65,50,127.0.0.1
2025-11-27T12:45:43.215535,1967,-73,34,127.0.0.1
2025-11-27T12:45:47.295052,65269,-73,34,127.0.0.1
2025-11-27T12:45:53.559872,65269,-68,44,127.0.0.1
2025-11-27T12:45:57.256870,1967,-76,28,127.0.0.1
2025-11-27T12:46:00.897703,65269,-61,58,127.0.0.1
2025-11-27T12:46:08.881282,1967,-76,28,127.0.0.1
2025-11-27T12:46:18.692138,65269,-73,34,127.0.0.1
2025-11-27T12:46:22.649637,1967,-73,34,127.0.0.1
2025-11-27T12:46:25.403822,65269,-63,54,127.0.0.1
2025-11-27T12:46:28.153540,1967,-73,34,127.0.0.1
2025-11-27T12:46:36.139591,1967,-79,22,127.0.0.1
2025-11-27T12:46:40.527461,65269,-68,44,127.0.0.1
2025-11-27T12:46:46.910517,13433,-61,58,127.0.0.1
2025-11-27T12:47:04.600996,65269,-68,44,127.0.0.1
2025-11-27T12:47:11.576042,65269,-66,48,127.0.0.1
2025-11-27T12:47:17.209991,65269,-64,52,127.0.0.1
2025-11-27T12:47:26.745840,65269,-70,40,127.0.0.1
2025-11-27T12:47:36.131428,65269,-63,54,127.0.0.1
2025-11-27T12:47:41.480197,1967,-77,26,127.0.0.1
2025-11-27T12:47:46.199622,65269,-67,46,127.0.0.1
2025-11-27T12:47:52.354824,1967,-75,30,127.0.0.1
2025-11-27T12:48:00.315515,1967,-73,34,127.0.0.1
2025-11-27T12:48:06.296883,65269,-63,54,127.0.0.1
2025-11-27T12:48:10.013049,1967,-72,36,127.0.0.1
2025-11-27T12:48:14.136670,65269,-61,58,127.0.0.1
2025-11-27T12:48:16.748114,1967,-71,38,127.0.0.1
2025-11-27T12:48:24.489697,65269,-60,60,127.0.0.1
2025-11-27T12:48:28.888600,65269,-63,54,127.0.0.1
2025-11-27T12:48:31.793133,65269,-63,54,127.0.0.1
2025-11-27T12:48:34.607018,1967,-70,40,127.0.0.1
2025-11-27T12:48:38.386046,65269,-64,52,127.0.0.1
2025-11-27T12:48:41.994032,65269,-64,52,127.0.0.1
2025-11-27T12:48:44.800063,1967,-72,36,127.0.0.1
2025-11-27T12:48:47.307159,1967,-76,28,127.0.0.1
2025-11-27T12:48:50.700566,1967,-72,36,127.0.0.1
2025-11-27T12:48:53.462329,1967,-72,36,127.0.0.1
2025-11-27T12:48:56.138325,1967,-71,38,127.0.0.1
2025-11-27T12:48:58.788092,13433,-66,48,127.0.0.1
2025-11-27T12:49:01.450734,1967,-71,38,127.0.0.1
2025-11-27T12:49:07.446859,1967,-78,24,127.0.0.1
2025-11-27T12:49:10.156905,13433,-64,52,127.0.0.1
2025-11-27T12:49:13.020023,1967,-77,26,127.0.0.1
2025-11-27T12:49:15.811299,65269,-65,50,127.0.0.1
2025-11-27T12:49:18.464566,65269,-67,46,127.0.0.1
2025-11-27T12:49:21.416022,65269,-66,48,127.0.0.1
2025-11-27T12:49:24.062096,65269,-65,50,127.0.0.1
2025-11-27T12:49:29.300603,65269,-68,44,127.0.0.1
2025-11-27T12:49:32.269436,65269,-68,44,127.0.0.1
2025-11-27T12:49:34.833713,65269,-64,52,127.0.0.1
2025-11-27T12:49:37.687194,1967,-77,26,127.0.0.1
2025-11-27T12:49:40.148340,1967,-84,12,127.0.0.1
2025-11-27T12:49:43.232287,65269,-70,40,127.0.0.1
2025-11-27T12:49:45.898861,13433,-62,56,127.0.0.1
2025-11-27T12:49:49.785976,1967,-84,12,127.0.0.1
2025-11-27T12:49:52.624497,13433,-60,60,127.0.0.1
2025-11-27T12:49:55.371396,65269,-68,44,127.0.0.1
2025-11-27T12:49:58.394428,1967,-83,14,127.0.0.1
2025-11-27T12:50:01.392592,65269,-76,28,127.0.0.1
2025-11-27T12:50:04.530952,13433,-62,56,127.0.0.1
2025-11-27T12:50:07.407988,65269,-67,46,127.0.0.1
2025-11-27T12:50:10.161934,65269,-69,42,127.0.0.1
2025-11-27T12:50:12.720880,13433,-61,58,127.0.0.1
2025-11-27T12:50:15.863944,13433,-60,60,127.0.0.1
2025-11-27T12:50:18.768762,1967,-80,20,127.0.0.1
2025-11-27T12:50:21.731128,65269,-65,50,127.0.0.1
2025-11-27T12:50:26.308639,1967,-76,28,127.0.0.1
2025-11-27T12:50:29.133885,65269,-67,46,127.0.0.1
2025-11-27T12:50:31.865000,65269,-66,48,127.0.0.1
2025-11-27T12:50:34.951779,65269,-64,52,127.0.0.1
2025-11-27T12:50:37.927225,65269,-65,50,127.0.0.1
2025-11-27T12:50:40.767525,13433,-63,54,127.0.0.1
2025-11-27T12:50:43.846573,65269,-67,46,127.0.0.1
2025-11-27T12:50:46.508855,65269,-67,46,127.0.0.1
2025-11-27T12:50:49.387283,1967,-78,24,127.0.0.1
2025-11-27T12:50:52.551386,65269,-68,44,127.0.0.1
2025-11-27T12:50:55.178580,1967,-90,0,127.0.0.1
2025-11-27T12:50:58.082366,1967,-80,20,127.0.0.1
2025-11-27T12:51:01.899394,13433,-60,60,127.0.0.1
2025-11-27T12:51:04.767108,65269,-66,48,127.0.0.1
2025-11-27T12:51:07.720262,1967,-82,16,127.0.0.1
2025-11-27T12:51:10.396594,65269,-65,50,127.0.0.1
2025-11-27T12:51:13.289900,1967,-78,24,127.0.0.1
2025-11-27T12:51:16.011170,65269,-65,50,127.0.0.1
2025-11-27T12:51:19.423780,65269,-67,46,127.0.0.1
2025-11-27T12:51:22.383483,1967,-77,26,127.0.0.1
2025-11-27T12:51:25.325620,65269,-67,46,127.0.0.1
2025-11-27T12:51:27.882116,1967,-76,28,127.0.0.1
2025-11-27T12:51:32.327565,65269,-67,46,127.0.0.1
2025-11-27T12:51:35.148922,65269,-65,50,127.0.0.1
2025-11-27T12:51:37.927941,65269,-67,46,127.0.0.1
2025-11-27T12:51:40.823103,13433,-62,56,127.0.0.1
2025-11-27T12:51:58.009694,13433,-61,58,127.0.0.1
2025-11-27T12:52:00.049582,13433,-63,54,127.0.0.1
2025-11-27T12:52:02.736280,65269,-70,40,127.0.0.1
2025-11-27T12:52:05.577876,13433,-61,58,127.0.0.1
2025-11-27T12:52:12.569372,1967,-80,20,127.0.0.1
2025-11-27T12:52:17.809069,65269,-68,44,127.0.0.1
2025-11-27T12:52:21.419010,65269,-68,44,127.0.0.1
2025-11-27T12:52:24.408817,1967,-90,0,127.0.0.1
2025-11-27T12:52:27.056076,1967,-81,18,127.0.0.1
2025-11-27T12:52:30.038167,65269,-70,40,127.0.0.1
2025-11-27T12:52:33.008217,1967,-84,12,127.0.0.1
2025-11-27T12:52:35.772174,1967,-90,0,127.0.0.1
2025-11-27T12:52:38.363933,1967,-77,26,127.0.0.1
2025-11-27T12:52:41.008353,65269,-65,50,127.0.0.1
2025-11-27T12:52:43.649828,65269,-67,46,127.0.0.1
2025-11-27T12:52:46.528453,65269,-64,52,127.0.0.1
2025-11-27T12:52:49.725786,1967,-83,14,127.0.0.1
2025-11-27T12:52:54.406447,65269,-76,28,127.0.0.1
2025-11-27T12:52:57.883028,13433,-61,58,127.0.0.1
2025-11-27T12:53:00.928480,1967,-79,22,127.0.0.1
2025-11-27T12:53:03.531696,65269,-64,52,127.0.0.1
2025-11-27T12:53:06.176154,1967,-79,22,127.0.0.1
2025-11-27T12:53:08.929976,1967,-78,24,127.0.0.1
2025-11-27T12:53:11.531060,65269,-69,42,127.0.0.1
2025-11-27T12:53:14.247691,65269,-70,40,127.0.0.1
2025-11-27T12:53:17.030878,65269,-65,50,127.0.0.1
2025-11-27T12:53:19.705497,65269,-69,42,127.0.0.1
2025-11-27T12:53:22.363630,1967,-81,18,127.0.0.1
2025-11-27T12:53:25.216494,1967,-80,20,127.0.0.1
2025-11-27T12:53:30.325608,1967,-79,22,127.0.0.1
2025-11-27T12:53:33.731371,65269,-64,52,127.0.0.1
2025-11-27T12:53:36.287763,65269,-73,34,127.0.0.1
2025-11-27T12:53:38.976314,1967,-76,28,127.0.0.1
2025-11-27T12:53:41.630790,1967,-77,26,127.0.0.1
2025-11-27T12:53:44.793128,65269,-67,46,127.0.0.1
2025-11-27T12:53:47.982115,65269,-68,44,127.0.0.1
2025-11-27T12:53:50.729294,13433,-61,58,127.0.0.1
2025-11-27T12:53:53.734318,65269,-71,38,127.0.0.1
2025-11-27T12:53:57.284966,1967,-78,24,127.0.0.1
2025-11-27T12:54:00.612474,1967,-80,20,127.0.0.1
2025-11-27T12:54:04.340681,65269,-67,46,127.0.0.1
2025-11-27T12:54:07.045121,13433,-60,60,127.0.0.1
2025-11-27T12:54:09.700630,65269,-77,26,127.0.0.1
2025-11-27T12:54:12.371576,65269,-68,44,127.0.0.1
2025-11-27T12:54:15.016148,1967,-82,16,127.0.0.1
2025-11-27T12:54:18.346142,65269,-64,52,127.0.0.1
2025-11-27T12:54:20.928847,1967,-80,20,127.0.0.1
2025-11-27T12:54:23.416941,13433,-62,56,127.0.0.1
2025-11-27T12:54:26.301663,65269,-82,16,127.0.0.1
2025-11-27T12:54:28.940461,13433,-61,58,127.0.0.1
2025-11-27T12:54:31.593684,13433,-61,58,127.0.0.1
2025-11-27T12:54:34.360016,65269,-64,52,127.0.0.1
2025-11-27T12:54:37.306139,13433,-61,58,127.0.0.1
2025-11-27T12:54:40.086432,1967,-81,18,127.0.0.1
2025-11-27T12:54:42.683621,65269,-69,42,127.0.0.1
2025-11-27T12:54:45.423552,1967,-80,20,127.0.0.1
2025-11-27T12:54:47.970323,65269,-69,42,127.0.0.1
2025-11-27T12:54:50.928484,65269,-63,54,127.0.0.1
2025-11-27T12:54:53.519720,65269,-64,52,127.0.0.1
2025-11-27T12:54:56.266959,13433,-61,58,127.0.0.1
2025-11-27T12:54:59.018034,1967,-80,20,127.0.0.1
2025-11-27T12:55:01.821733,1967,-78,24,127.0.0.1
2025-11-27T12:55:05.006359,65269,-65,50,127.0.0.1
2025-11-27T12:55:08.693546,13433,-61,58,127.0.0.1
2025-11-27T12:55:13.951720,65269,-70,40,127.0.0.1
2025-11-27T12:55:18.554805,65269,-62,56,127.0.0.1
2025-11-27T12:55:27.194215,65269,-70,40,127.0.0.1
2025-11-27T12:55:30.585035,13433,-60,60,127.0.0.1
2025-11-27T12:55:37.520642,65269,-69,42,127.0.0.1
2025-11-27T12:55:42.445518,65269,-66,48,127.0.0.1
2025-11-27T12:55:48.394267,65269,-77,26,127.0.0.1
2025-11-27T12:55:56.635761,1967,-82,16,127.0.0.1
2025-11-27T12:56:03.281483,65269,-78,24,127.0.0.1
2025-11-27T12:56:10.259145,65269,-67,46,127.0.0.1
2025-11-27T12:56:13.842455,13433,-64,52,127.0.0.1
2025-11-27T12:56:17.112648,1967,-90,0,127.0.0.1
2025-11-27T12:56:23.634199,13433,-64,52,127.0.0.1
2025-11-27T12:56:28.839462,1967,-82,16,127.0.0.1
2025-11-27T12:56:36.796723,1967,-79,22,127.0.0.1
2025-11-27T12:56:43.205407,65269,-67,46,127.0.0.1
2025-11-27T12:56:48.509399,1967,-76,28,127.0.0.1
2025-11-27T12:56:53.110371,65269,-76,28,127.0.0.1
2025-11-27T12:56:56.072557,1967,-79,22,127.0.0.1
2025-11-27T12:56:59.936188,65269,-68,44,127.0.0.1
2025-11-27T12:57:03.891325,1967,-85,10,127.0.0.1
2025-11-27T12:57:07.472119,65269,-69,42,127.0.0.1
2025-11-27T12:57:11.820696,65269,-78,24,127.0.0.1
2025-11-27T12:57:14.707655,1967,-77,26,127.0.0.1
2025-11-27T12:57:17.676476,1967,-78,24,127.0.0.1
2025-11-27T12:57:20.831541,65269,-70,40,127.0.0.1
2025-11-27T12:57:27.424628,65269,-71,38,127.0.0.1
2025-11-27T12:57:32.066893,65269,-68,44,127.0.0.1
2025-11-27T12:57:35.805131,1967,-75,30,127.0.0.1
2025-11-27T12:57:38.785780,1967,-90,0,127.0.0.1
2025-11-27T12:57:44.380929,65269,-70,40,127.0.0.1
2025-11-27T12:57:47.496975,65269,-65,50,127.0.0.1
2025-11-27T12:57:50.622766,65269,-72,36,127.0.0.1
2025-11-27T12:57:54.031393,65269,-69,42,127.0.0.1
2025-11-27T12:57:57.334947,1967,-86,8,127.0.0.1
2025-11-27T12:58:01.080229,1967,-82,16,127.0.0.1
2025-11-27T12:58:06.071111,65269,-67,46,127.0.0.1
2025-11-27T12:58:12.758016,65269,-69,42,127.0.0.1
2025-11-27T12:58:16.230397,13433,-59,62,127.0.0.1
2025-11-27T12:58:19.638815,1967,-82,16,127.0.0.1
2025-11-27T12:58:22.822337,65269,-71,38,127.0.0.1
2025-11-27T12:58:27.264912,1967,-79,22,127.0.0.1
2025-11-27T12:58:35.591385,1967,-82,16,127.0.0.1
2025-11-27T12:58:40.257769,13433,-60,60,127.0.0.1
2025-11-27T12:58:53.117607,1967,-90,0,127.0.0.1
2025-11-27T12:58:59.036039,65269,-73,34,127.0.0.1
2025-11-27T12:59:05.364755,65269,-68,44,127.0.0.1
2025-11-27T12:59:12.993570,13433,-59,62,127.0.0.1
2025-11-27T12:59:17.851058,1967,-76,28,127.0.0.1
2025-11-27T12:59:21.460582,13433,-63,54,127.0.0.1
2025-11-27T12:59:25.355999,1967,-77,26,127.0.0.1
2025-11-27T12:59:29.953509,65269,-68,44,127.0.0.1
2025-11-27T12:59:32.861214,13433,-59,62,127.0.0.1
2025-11-27T12:59:38.003395,1967,-78,24,127.0.0.1
2025-11-27T12:59:45.010746,1967,-86,8,127.0.0.1
2025-11-27T12:59:51.560596,1967,-78,24,127.0.0.1
2025-11-27T12:59:58.745567,65269,-65,50,127.0.0.1
2025-11-27T13:00:10.063273,1967,-90,0,127.0.0.1
2025-11-27T13:00:13.491207,1967,-79,22,127.0.0.1
2025-11-27T13:00:16.224396,65269,-70,40,127.0.0.1
2025-11-27T13:00:18.727384,1967,-78,24,127.0.0.1
2025-11-27T13:00:21.595486,1967,-77,26,127.0.0.1
2025-11-27T13:00:24.252147,13433,-64,52,127.0.0.1
2025-11-27T13:00:27.939522,1967,-90,0,127.0.0.1
2025-11-27T13:00:30.636074,65269,-68,44,127.0.0.1
2025-11-27T13:00:34.798014,1967,-84,12,127.0.0.1
2025-11-27T13:00:38.693656,13433,-62,56,127.0.0.1
2025-11-27T13:00:41.803460,1967,-87,6,127.0.0.1
2025-11-27T13:00:44.334804,1967,-79,22,127.0.0.1
2025-11-27T13:00:48.135012,1967,-87,6,127.0.0.1
2025-11-27T13:00:54.128609,1967,-81,18,127.0.0.1
2025-11-27T13:00:59.565954,1967,-75,30,127.0.0.1
2025-11-27T13:01:02.427115,65269,-68,44,127.0.0.1
2025-11-27T13:01:05.210302,13433,-61,58,127.0.0.1
2025-11-27T13:01:08.090443,65269,-69,42,127.0.0.1
2025-11-27T13:01:10.845131,65269,-72,36,127.0.0.1
2025-11-27T13:01:13.655704,65269,-67,46,127.0.0.1
2025-11-27T13:01:16.269080,1967,-80,20,127.0.0.1
2025-11-27T13:01:18.928624,65269,-73,34,127.0.0.1
2025-11-27T13:01:21.426269,65269,-67,46,127.0.0.1
2025-11-27T13:01:24.285505,65269,-74,32,127.0.0.1
2025-11-27T13:01:26.919233,1967,-77,26,127.0.0.1
2025-11-27T13:01:29.895805,65269,-75,30,127.0.0.1
2025-11-27T13:01:32.500322,1967,-86,8,127.0.0.1
2025-11-27T13:01:35.317592,1967,-78,24,127.0.0.1
2025-11-27T13:01:38.168360,65269,-73,34,127.0.0.1
2025-11-27T13:01:41.058502,1967,-69,42,127.0.0.1
2025-11-27T13:01:44.184308,65269,-66,48,127.0.0.1
2025-11-27T13:01:47.536331,65269,-75,30,127.0.0.1
2025-11-27T13:01:50.252678,1967,-90,0,127.0.0.1
2025-11-27T13:01:54.379103,1967,-76,28,127.0.0.1
2025-11-27T13:01:57.639009,65269,-63,54,127.0.0.1
2025-11-27T13:02:43.935971,13433,-64,52,127.0.0.1
2025-11-27T13:02:46.572790,1967,-68,44,127.0.0.1
2025-11-27T13:02:49.487962,1967,-74,32,127.0.0.1
2025-11-27T13:02:52.426332,1967,-72,36,127.0.0.1
2025-11-27T13:02:55.193188,65269,-66,48,127.0.0.1
2025-11-27T13:02:58.173791,65269,-60,60,127.0.0.1
2025-11-27T13:03:01.070560,65269,-59,62,127.0.0.1
2025-11-27T13:03:04.203251,65269,-65,50,127.0.0.1
2025-11-27T13:03:06.972129,13433,-61,58,127.0.0.1
2025-11-27T13:03:09.560573,1967,-73,34,127.0.0.1
2025-11-27T13:03:12.489414,65269,-65,50,127.0.0.1
2025-11-27T13:03:15.516322,1967,-75,30,127.0.0.1
2025-11-27T13:03:18.563024,65269,-61,58,127.0.0.1
2025-11-27T13:03:21.446621,65269,-61,58,127.0.0.1
2025-11-27T13:03:24.244788,65269,-61,58,127.0.0.1
2025-11-27T13:03:26.747899,65269,-60,60,127.0.0.1
2025-11-27T13:03:29.750414,1967,-75,30,127.0.0.1
2025-11-27T13:03:32.265942,65269,-63,54,127.0.0.1
2025-11-27T13:03:35.140141,1967,-74,32,127.0.0.1
2025-11-27T13:03:38.009188,65269,-66,48,127.0.0.1
2025-11-27T13:03:40.739683,1967,-74,32,127.0.0.1
2025-11-27T13:03:43.454089,13433,-65,50,127.0.0.1
2025-11-27T13:03:46.087160,1967,-70,40,127.0.0.1
2025-11-27T13:03:48.744693,13433,-61,58,127.0.0.1
2025-11-27T13:03:51.454623,65269,-64,52,127.0.0.1
2025-11-27T13:03:54.376231,13433,-59,62,127.0.0.1
2025-11-27T13:03:57.457339,1967,-75,30,127.0.0.1
2025-11-27T13:04:00.213583,65269,-60,60,127.0.0.1
2025-11-27T13:04:02.772614,1967,-72,36,127.0.0.1
2025-11-27T13:04:05.304306,1967,-74,32,127.0.0.1
2025-11-27T13:04:08.256763,1967,-74,32,127.0.0.1
2025-11-27T13:04:11.001226,1967,-71,38,127.0.0.1
2025-11-27T13:04:13.916982,13433,-70,40,127.0.0.1
2025-11-27T13:04:16.707822,1967,-72,36,127.0.0.1
2025-11-27T13:04:19.799674,65269,-65,50,127.0.0.1
2025-11-27T13:04:23.086059,13433,-60,60,127.0.0.1
2025-11-27T13:04:25.921390,1967,-73,34,127.0.0.1
2025-11-27T13:04:29.657240,65269,-64,52,127.0.0.1
2025-11-27T13:04:32.778540,1967,-72,36,127.0.0.1
2025-11-27T13:04:35.388152,1967,-75,30,127.0.0.1
2025-11-27T13:04:39.467184,1967,-72,36,127.0.0.1
2025-11-27T13:04:42.112889,1967,-74,32,127.0.0.1
2025-11-27T13:04:44.810913,1967,-74,32,127.0.0.1
2025-11-27T13:04:47.421887,65269,-60,60,127.0.0.1
2025-11-27T13:04:50.393842,1967,-71,38,127.0.0.1
2025-11-27T13:04:52.997693,1967,-78,24,127.0.0.1
2025-11-27T13:04:56.260348,65269,-60,60,127.0.0.1
2025-11-27T13:04:59.506653,1967,-72,36,127.0.0.1
2025-11-27T13:05:02.238032,65269,-62,56,127.0.0.1
2025-11-27T13:05:05.112379,1967,-72,36,127.0.0.1
2025-11-27T13:05:07.842707,65269,-63,54,127.0.0.1
2025-11-27T13:05:10.366693,1967,-74,32,127.0.0.1
2025-11-27T13:05:13.053035,1967,-72,36,127.0.0.1
2025-11-27T13:05:15.948753,65269,-61,58,127.0.0.1
2025-11-27T13:05:18.749345,65269,-66,48,127.0.0.1
2025-11-27T13:05:21.624470,65269,-66,48,127.0.0.1
2025-11-27T13:05:24.490068,1967,-75,30,127.0.0.1
2025-11-27T13:05:27.143679,1967,-71,38,127.0.0.1
2025-11-27T13:05:29.855586,65269,-67,46,127.0.0.1
2025-11-27T13:05:32.673684,65269,-60,60,127.0.0.1
2025-11-27T13:05:35.142563,65269,-66,48,127.0.0.1
2025-11-27T13:05:38.165459,65269,-66,48,127.0.0.1
2025-11-27T13:05:41.180589,1967,-72,36,127.0.0.1
2025-11-27T13:05:43.843862,1967,-74,32,127.0.0.1
2025-11-27T13:05:47.217102,65269,-59,62,127.0.0.1
2025-11-27T13:05:50.341037,1967,-72,36,127.0.0.1
2025-11-27T13:05:53.693627,1967,-74,32,127.0.0.1
2025-11-27T13:05:56.368669,1967,-71,38,127.0.0.1
2025-11-27T13:06:01.747637,13433,-67,46,127.0.0.1
2025-11-27T13:06:04.460447,65269,-63,54,127.0.0.1
2025-11-27T13:06:10.842459,13433,-63,54,127.0.0.1
2025-11-27T13:06:13.543066,13433,-64,52,127.0.0.1
2025-11-27T13:06:16.306532,65269,-66,48,127.0.0.1
2025-11-27T13:06:18.965319,65269,-60,60,127.0.0.1
2025-11-27T13:06:26.791219,65269,-60,60,127.0.0.1
2025-11-27T13:06:29.925343,65269,-65,50,127.0.0.1
2025-11-27T13:06:32.484693,65269,-63,54,127.0.0.1
2025-11-27T13:06:35.476187,1967,-73,34,127.0.0.1
2025-11-27T13:06:38.174829,1967,-73,34,127.0.0.1
2025-11-27T13:06:40.896783,1967,-75,30,127.0.0.1
2025-11-27T13:06:43.555393,1967,-74,32,127.0.0.1
2025-11-27T13:06:46.611567,65269,-62,56,127.0.0.1
2025-11-27T13:06:49.493039,65269,-61,58,127.0.0.1
2025-11-27T13:06:52.226561,65269,-61,58,127.0.0.1
2025-11-27T13:06:54.909681,65269,-64,52,127.0.0.1
2025-11-27T13:06:57.510509,13433,-62,56,127.0.0.1
2025-11-27T13:07:00.812216,1967,-73,34,127.0.0.1
2025-11-27T13:07:03.452547,65269,-61,58,127.0.0.1
2025-11-27T13:07:06.279447,1967,-73,34,127.0.0.1
2025-11-27T13:07:09.181266,13433,-64,52,127.0.0.1
2025-11-27T13:07:12.260453,1967,-73,34,127.0.0.1
2025-11-27T13:07:14.906703,1967,-72,36,127.0.0.1
2025-11-27T13:07:17.589164,13433,-65,50,127.0.0.1
2025-11-27T13:07:20.514435,65269,-62,56,127.0.0.1
2025-11-27T13:07:23.231719,65269,-61,58,127.0.0.1
2025-11-27T13:07:26.243771,65269,-67,46,127.0.0.1
2025-11-27T13:07:28.808775,65269,-65,50,127.0.0.1
2025-11-27T13:07:31.458465,1967,-72,36,127.0.0.1
2025-11-27T13:07:34.130516,65269,-65,50,127.0.0.1
2025-11-27T13:07:36.989313,13433,-65,50,127.0.0.1
2025-11-27T13:07:41.073077,65269,-65,50,127.0.0.1
2025-11-27T13:07:44.195932,65269,-61,58,127.0.0.1
2025-11-27T13:07:47.524999,65269,-66,48,127.0.0.1
2025-11-27T13:07:50.757512,13433,-63,54,127.0.0.1
2025-11-27T13:07:54.506556,1967,-76,28,127.0.0.1
2025-11-27T13:07:57.172114,65269,-69,42,127.0.0.1
2025-11-27T13:07:59.749261,65269,-64,52,127.0.0.1
2025-11-27T13:08:02.594061,65269,-66,48,127.0.0.1
2025-11-27T13:08:05.548816,65269,-65,50,127.0.0.1
2025-11-27T13:08:08.154893,1967,-72,36,127.0.0.1
2025-11-27T13:08:11.826145,1967,-72,36,127.0.0.1
2025-11-27T13:08:14.715209,13433,-67,46,127.0.0.1
2025-11-27T13:08:18.085232,65269,-63,54,127.0.0.1
2025-11-27T13:08:21.654394,13433,-66,48,127.0.0.1
2025-11-27T13:08:24.803191,65269,-64,52,127.0.0.1
2025-11-27T13:08:27.372497,1967,-74,32,127.0.0.1
2025-11-27T13:08:30.818914,1967,-71,38,127.0.0.1
2025-11-27T13:08:33.702808,1967,-75,30,127.0.0.1
2025-11-27T13:08:36.308916,65269,-62,56,127.0.0.1
2025-11-27T13:08:39.056785,65269,-67,46,127.0.0.1
2025-11-27T13:08:41.713874,13433,-66,48,127.0.0.1
2025-11-27T13:08:44.359134,1967,-75,30,127.0.0.1
2025-11-27T13:08:47.244270,65269,-68,44,127.0.0.1
2025-11-27T13:08:50.473826,65269,-63,54,127.0.0.1
2025-11-27T13:08:53.359024,13433,-62,56,127.0.0.1
2025-11-27T13:08:56.295099,13433,-62,56,127.0.0.1
2025-11-27T13:09:00.336913,13433,-63,54,127.0.0.1
2025-11-27T13:09:03.681836,1967,-75,30,127.0.0.1
2025-11-27T13:09:06.938246,1967,-74,32,127.0.0.1
2025-11-27T13:09:09.573585,1967,-76,28,127.0.0.1
2025-11-27T13:09:12.332788,65269,-62,56,127.0.0.1
2025-11-27T13:09:14.909258,13433,-62,56,127.0.0.1
2025-11-27T13:09:18.575614,65269,-62,56,127.0.0.1
2025-11-27T13:09:22.774894,65269,-64,52,127.0.0.1
2025-11-27T13:09:25.581595,1967,-75,30,127.0.0.1
2025-11-27T13:09:28.457171,65269,-67,46,127.0.0.1
2025-11-27T13:09:31.071107,13433,-62,56,127.0.0.1
2025-11-27T13:09:33.953485,1967,-75,30,127.0.0.1
2025-11-27T13:09:36.910508,1967,-73,34,127.0.0.1
2025-11-27T13:09:40.179436,13433,-67,46,127.0.0.1
2025-11-27T13:09:42.975133,1967,-73,34,127.0.0.1
2025-11-27T13:09:45.800114,65269,-67,46,127.0.0.1
2025-11-27T13:09:48.685407,13433,-66,48,127.0.0.1
2025-11-27T13:09:51.358440,13433,-63,54,127.0.0.1
2025-11-27T13:09:54.512204,13433,-64,52,127.0.0.1
2025-11-27T13:09:57.441183,1967,-75,30,127.0.0.1
2025-11-27T13:10:00.375466,65269,-68,44,127.0.0.1
2025-11-27T13:10:03.069591,65269,-62,56,127.0.0.1
2025-11-27T13:10:06.476963,65269,-68,44,127.0.0.1
2025-11-27T13:10:09.411115,65269,-67,46,127.0.0.1
2025-11-27T13:10:12.234256,1967,-72,36,127.0.0.1
2025-11-27T13:10:15.098125,65269,-64,52,127.0.0.1
2025-11-27T13:10:18.400940,65269,-61,58,127.0.0.1
2025-11-27T13:10:21.253749,65269,-63,54,127.0.0.1
2025-11-27T13:10:24.208110,65269,-64,52,127.0.0.1
2025-11-27T13:10:27.024301,1967,-74,32,127.0.0.1
2025-11-27T13:10:30.052185,65269,-68,44,127.0.0.1
2025-11-27T13:10:32.715356,65269,-67,46,127.0.0.1
2025-11-27T13:10:35.891487,65269,-62,56,127.0.0.1
2025-11-27T13:10:38.573097,13433,-66,48,127.0.0.1
2025-11-27T13:10:41.523062,65269,-62,56,127.0.0.1
2025-11-27T13:10:44.391743,65269,-64,52,127.0.0.1
2025-11-27T13:10:47.444157,65269,-67,46,127.0.0.1
2025-11-27T13:10:50.380140,13433,-68,44,127.0.0.1
2025-11-27T13:10:53.058524,13433,-69,42,127.0.0.1
2025-11-27T13:10:55.757026,1967,-74,32,127.0.0.1
2025-11-27T13:10:58.526800,65269,-67,46,127.0.0.1
2025-11-27T13:11:01.283486,1967,-72,36,127.0.0.1
2025-11-27T13:11:03.950599,65269,-62,56,127.0.0.1
2025-11-27T13:11:06.720528,65269,-66,48,127.0.0.1
2025-11-27T13:11:09.789052,65269,-63,54,127.0.0.1
2025-11-27T13:11:12.444390,13433,-70,40,127.0.0.1
2025-11-27T13:11:15.534191,1967,-72,36,127.0.0.1
2025-11-27T13:11:18.633379,13433,-63,54,127.0.0.1
2025-11-27T13:11:21.364996,1967,-76,28,127.0.0.1
2025-11-27T13:11:24.529645,13433,-68,44,127.0.0.1
2025-11-27T13:11:27.194744,13433,-62,56,127.0.0.1
2025-11-27T13:11:29.941716,1967,-75,30,127.0.0.1
2025-11-27T13:11:32.948505,65269,-66,48,127.0.0.1
2025-11-27T13:11:35.593602,1967,-72,36,127.0.0.1
2025-11-27T13:11:38.154980,13433,-70,40,127.0.0.1
2025-11-27T13:11:40.723974,65269,-65,50,127.0.0.1
2025-11-27T13:11:43.381044,65269,-68,44,127.0.0.1
2025-11-27T13:11:46.075446,65269,-65,50,127.0.0.1
2025-11-27T13:11:48.688610,1967,-75,30,127.0.0.1
2025-11-27T13:11:51.460114,65269,-68,44,127.0.0.1
2025-11-27T13:11:54.326887,1967,-74,32,127.0.0.1
2025-11-27T13:11:57.199741,13433,-62,56,127.0.0.1
2025-11-27T13:12:00.065598,65269,-67,46,127.0.0.1
2025-11-27T13:12:02.634248,65269,-61,58,127.0.0.1
2025-11-27T13:12:05.646984,1967,-75,30,127.0.0.1
2025-11-27T13:12:08.354834,13433,-70,40,127.0.0.1
2025-11-27T13:12:11.225596,1967,-75,30,127.0.0.1
2025-11-27T13:12:14.197463,65269,-61,58,127.0.0.1
2025-11-27T13:12:16.857343,65269,-68,44,127.0.0.1
2025-11-27T13:12:19.406196,65269,-67,46,127.0.0.1
2025-11-27T13:12:22.082057,65269,-67,46,127.0.0.1
2025-11-27T13:12:25.150095,13433,-70,40,127.0.0.1
2025-11-27T13:12:27.803164,13433,-66,48,127.0.0.1
2025-11-27T13:12:30.580179,65269,-63,54,127.0.0.1
2025-11-27T13:12:33.143422,13433,-70,40,127.0.0.1
2025-11-27T13:12:35.789979,65269,-64,52,127.0.0.1
2025-11-27T13:12:38.454083,1967,-73,34,127.0.0.1
2025-11-27T13:12:41.663912,65269,-64,52,127.0.0.1
2025-11-27T13:12:44.605626,1967,-72,36,127.0.0.1
2025-11-27T13:12:47.690026,13433,-67,46,127.0.0.1
2025-11-27T13:12:50.680976,65269,-62,56,127.0.0.1
2025-11-27T13:12:53.310639,1967,-73,34,127.0.0.1
2025-11-27T13:12:56.074480,13433,-63,54,127.0.0.1
2025-11-27T13:12:59.009383,65269,-67,46,127.0.0.1
2025-11-27T13:13:02.323822,1967,-74,32,127.0.0.1
2025-11-27T13:13:05.397085,1967,-75,30,127.0.0.1
2025-11-27T13:13:08.672177,13433,-64,52,127.0.0.1
2025-11-27T13:13:13.654842,13433,-71,38,127.0.0.1
2025-11-27T13:13:16.672213,65269,-61,58,127.0.0.1
2025-11-27T13:13:19.220673,65269,-64,52,127.0.0.1
2025-11-27T13:13:21.933400,65269,-63,54,127.0.0.1
2025-11-27T13:13:25.138029,65269,-67,46,127.0.0.1
2025-11-27T13:13:27.819648,1967,-72,36,127.0.0.1
2025-11-27T13:13:30.892281,13433,-67,46,127.0.0.1
2025-11-27T13:13:33.576607,1967,-77,26,127.0.0.1
2025-11-27T13:13:36.316877,65269,-61,58,127.0.0.1
2025-11-27T13:13:39.086843,65269,-67,46,127.0.0.1
2025-11-27T13:13:42.159309,1967,-72,36,127.0.0.1
2025-11-27T13:13:45.021648,65269,-67,46,127.0.0.1
2025-11-27T13:13:47.951844,65269,-61,58,127.0.0.1
2025-11-27T13:13:50.863081,65269,-66,48,127.0.0.1
2025-11-27T13:13:53.747983,65269,-64,52,127.0.0.1
2025-11-27T13:13:56.290363,13433,-69,42,127.0.0.1
2025-11-27T13:13:59.153520,1967,-72,36,127.0.0.1
2025-11-27T13:14:01.921733,1967,-71,38,127.0.0.1
2025-11-27T13:14:04.687548,13433,-69,42,127.0.0.1
2025-11-27T13:14:07.346386,13433,-66,48,127.0.0.1
2025-11-27T13:14:10.417945,1967,-72,36,127.0.0.1
2025-11-27T13:14:13.072451,13433,-65,50,127.0.0.1
2025-11-27T13:14:15.846887,65269,-63,54,127.0.0.1
2025-11-27T13:14:18.414858,13433,-64,52,127.0.0.1
2025-11-27T13:14:21.275480,65269,-68,44,127.0.0.1
2025-11-27T13:14:23.938268,65269,-68,44,127.0.0.1
2025-11-27T13:14:26.611481,65269,-68,44,127.0.0.1
2025-11-27T13:14:29.258575,1967,-72,36,127.0.0.1
2025-11-27T13:14:32.140648,13433,-68,44,127.0.0.1
2025-11-27T13:14:35.073088,1967,-73,34,127.0.0.1
2025-11-27T13:14:38.144505,13433,-62,56,127.0.0.1
2025-11-27T13:14:40.936461,1967,-75,30,127.0.0.1
2025-11-27T13:14:43.829760,65269,-65,50,127.0.0.1
2025-11-27T13:14:46.775471,1967,-75,30,127.0.0.1
2025-11-27T13:14:49.333846,65269,-61,58,127.0.0.1
2025-11-27T13:14:53.527322,13433,-70,40,127.0.0.1
2025-11-27T13:14:56.190749,13433,-69,42,127.0.0.1
2025-11-27T13:14:59.061846,65269,-67,46,127.0.0.1
2025-11-27T13:15:01.650785,1967,-74,32,127.0.0.1
2025-11-27T13:15:04.290889,13433,-70,40,127.0.0.1
2025-11-27T13:15:08.072939,1967,-72,36,127.0.0.1
2025-11-27T13:15:13.088951,1967,-75,30,127.0.0.1
2025-11-27T13:15:16.368118,1967,-71,38,127.0.0.1
2025-11-27T13:15:21.330500,65269,-62,56,127.0.0.1
2025-11-27T13:15:35.491388,1967,-72,36,127.0.0.1
2025-11-27T13:15:48.795138,13433,-69,42,127.0.0.1
2025-11-27T13:15:52.731444,65269,-60,60,127.0.0.1
2025-11-27T13:15:57.192764,1967,-70,40,127.0.0.1
2025-11-27T13:15:59.991102,65269,-65,50,127.0.0.1
2025-11-27T13:16:02.643257,13433,-65,50,127.0.0.1
2025-11-27T13:16:08.093039,13433,-66,48,127.0.0.1
2025-11-27T13:16:11.662743,65269,-62,56,127.0.0.1
2025-11-27T13:16:13.194824,9001,-46,88,127.0.0.1
2025-11-27T13:16:14.326914,13433,-63,54,127.0.0.1
2025-11-27T13:16:21.300135,1967,-71,38,127.0.0.1
2025-11-27T13:16:26.620937,65269,-63,54,127.0.0.1
2025-11-27T13:16:30.331210,65269,-66,48,127.0.0.1
2025-11-27T13:16:32.953258,65269,-66,48,127.0.0.1
2025-11-27T13:16:35.612154,1967,-72,36,127.0.0.1
2025-11-27T13:16:38.798837,65269,-67,46,127.0.0.1
2025-11-27T13:16:41.869353,1967,-71,38,127.0.0.1
2025-11-27T13:16:44.433850,1967,-71,38,127.0.0.1
2025-11-27T13:16:47.091621,65269,-68,44,127.0.0.1
2025-11-27T13:16:49.767238,65269,-64,52,127.0.0.1
2025-11-27T13:16:52.671855,1967,-70,40,127.0.0.1
2025-11-27T13:16:55.283149,13433,-73,34,127.0.0.1
2025-11-27T13:16:58.151938,1967,-70,40,127.0.0.1
2025-11-27T13:17:01.122323,65269,-63,54,127.0.0.1
2025-11-27T13:17:03.683971,65269,-63,54,127.0.0.1
2025-11-27T13:17:08.678727,1967,-70,40,127.0.0.1
2025-11-27T13:17:13.490755,65269,-63,54,127.0.0.1
2025-11-27T13:17:16.171512,65269,-63,54,127.0.0.1
2025-11-27T13:17:20.671622,1967,-71,38,127.0.0.1
2025-11-27T13:17:23.579001,1967,-72,36,127.0.0.1
2025-11-27T13:17:31.091657,13433,-66,48,127.0.0.1
2025-11-27T13:17:38.107217,65269,-67,46,127.0.0.1
2025-11-27T13:17:44.663845,13433,-63,54,127.0.0.1
2025-11-27T13:17:50.626183,13433,-65,50,127.0.0.1
2025-11-27T13:17:57.207245,13433,-70,40,127.0.0.1
2025-11-27T13:18:04.152295,13433,-66,48,127.0.0.1
2025-11-27T13:18:10.680757,13433,-69,42,127.0.0.1
2025-11-27T13:18:13.729199,65269,-64,52,127.0.0.1
2025-11-27T13:18:16.590501,65269,-67,46,127.0.0.1
2025-11-27T13:18:20.688203,65269,-61,58,127.0.0.1
2025-11-27T13:18:23.552581,13433,-72,36,127.0.0.1
2025-11-27T13:18:26.318957,65269,-61,58,127.0.0.1
2025-11-27T13:18:28.869069,13433,-63,54,127.0.0.1
2025-11-27T13:18:31.572215,1967,-70,40,127.0.0.1
2025-11-27T13:18:34.818403,1967,-70,40,127.0.0.1
2025-11-27T13:18:39.724179,13433,-65,50,127.0.0.1
2025-11-27T13:18:42.608477,1967,-70,40,127.0.0.1
2025-11-27T13:18:46.219320,1234,-42,95,127.0.0.1
2025-11-27T13:18:47.774305,13433,-72,36,127.0.0.1
2025-11-27T13:18:52.062202,13433,-64,52,127.0.0.1
2025-11-27T13:18:54.837099,13433,-66,48,127.0.0.1
2025-11-27T13:18:58.378339,13433,-67,46,127.0.0.1
2025-11-27T13:19:01.010079,65269,-67,46,127.0.0.1
2025-11-27T13:19:03.900568,1967,-67,46,127.0.0.1
2025-11-27T13:19:06.665275,65269,-63,54,127.0.0.1
2025-11-27T13:19:09.420044,65269,-60,60,127.0.0.1
2025-11-27T13:19:12.095335,13433,-73,34,127.0.0.1
2025-11-27T13:19:14.837220,1967,-69,42,127.0.0.1
2025-11-27T13:19:17.626795,13433,-73,34,127.0.0.1
2025-11-27T13:19:20.863534,1967,-67,46,127.0.0.1
2025-11-27T13:19:23.826076,65269,-64,52,127.0.0.1
2025-11-27T13:19:26.667792,65269,-61,58,127.0.0.1
2025-11-27T13:19:33.347406,65269,-65,50,127.0.0.1
2025-11-27T13:19:38.698611,1967,-67,46,127.0.0.1
2025-11-27T13:19:42.875521,1967,-70,40,127.0.0.1
2025-11-27T13:19:45.796843,1967,-71,38,127.0.0.1
2025-11-27T13:19:48.963263,65269,-61,58,127.0.0.1
2025-11-27T13:19:51.984105,1967,-71,38,127.0.0.1
2025-11-27T13:19:54.656986,1967,-71,38,127.0.0.1
2025-11-27T13:20:33.613067,65269,-59,62,127.0.0.1
2025-11-27T13:20:37.128183,65269,-60,60,127.0.0.1
2025-11-27T13:20:43.316342,13433,-61,58,127.0.0.1
2025-11-27T13:20:50.089484,13433,-71,38,127.0.0.1
2025-11-27T13:20:52.753424,1967,-66,48,127.0.0.1
2025-11-27T13:20:55.882998,65269,-60,60,127.0.0.1
2025-11-27T13:21:01.765297,1967,-71,38,127.0.0.1
2025-11-27T13:21:04.634589,1967,-71,38,127.0.0.1
2025-11-27T13:21:07.509358,1967,-67,46,127.0.0.1
2025-11-27T13:21:10.054858,65269,-60,60,127.0.0.1
2025-11-27T13:21:13.031475,1967,-66,48,127.0.0.1
2025-11-27T13:21:16.105266,65269,-62,56,127.0.0.1
2025-11-27T13:21:19.961542,65269,-60,60,127.0.0.1
2025-11-27T13:21:22.807604,13433,-66,48,127.0.0.1
2025-11-27T13:21:25.828253,13433,-62,56,127.0.0.1
2025-11-27T13:21:31.516703,65269,-68,44,127.0.0.1
2025-11-27T13:21:36.809676,1967,-67,46,127.0.0.1
2025-11-27T13:21:41.803498,13433,-63,54,127.0.0.1
2025-11-27T13:21:44.484331,13433,-71,38,127.0.0.1
2025-11-27T13:21:47.333721,13433,-65,50,127.0.0.1
2025-11-27T13:21:49.983389,1967,-70,40,127.0.0.1
2025-11-27T13:21:55.791736,1967,-68,44,127.0.0.1
2025-11-27T13:22:00.543477,1967,-74,32,127.0.0.1
2025-11-27T13:22:04.164907,13433,-66,48,127.0.0.1
2025-11-27T13:22:07.042787,65269,-61,58,127.0.0.1
2025-11-27T13:22:09.899887,1967,-73,34,127.0.0.1
2025-11-27T13:22:12.623048,1967,-68,44,127.0.0.1
2025-11-27T13:22:15.510146,1967,-68,44,127.0.0.1
2025-11-27T13:22:20.397292,1967,-72,36,127.0.0.1
2025-11-27T13:22:24.605522,65269,-68,44,127.0.0.1
2025-11-27T13:22:28.972780,1967,-71,38,127.0.0.1
2025-11-27T13:22:32.860213,65269,-64,52,127.0.0.1
2025-11-27T13:22:35.599917,65269,-68,44,127.0.0.1
2025-11-27T13:22:39.199513,65269,-61,58,127.0.0.1
2025-11-27T13:22:43.553471,1967,-68,44,127.0.0.1
2025-11-27T13:22:50.279354,65269,-64,52,127.0.0.1
2025-11-27T13:22:53.898607,65269,-65,50,127.0.0.1
2025-11-27T13:22:57.066574,65269,-68,44,127.0.0.1
2025-11-27T13:22:59.734007,65269,-64,52,127.0.0.1
2025-11-27T13:23:02.535661,13433,-65,50,127.0.0.1
2025-11-27T13:23:05.618118,1967,-73,34,127.0.0.1
2025-11-27T13:23:08.286989,13433,-62,56,127.0.0.1
2025-11-27T13:23:13.984166,1967,-67,46,127.0.0.1
2025-11-27T13:23:16.931862,1967,-72,36,127.0.0.1
2025-11-27T13:23:19.483144,1967,-67,46,127.0.0.1
2025-11-27T13:23:22.153467,65269,-64,52,127.0.0.1
2025-11-27T13:23:24.900098,13433,-66,48,127.0.0.1
2025-11-27T13:23:27.478391,65269,-61,58,127.0.0.1
2025-11-27T13:23:30.447178,13433,-65,50,127.0.0.1
2025-11-27T13:23:33.219024,65269,-69,42,127.0.0.1
2025-11-27T13:23:35.872173,1967,-67,46,127.0.0.1
2025-11-27T13:23:38.933516,1967,-72,36,127.0.0.1
2025-11-27T13:23:41.599962,1967,-72,36,127.0.0.1
2025-11-27T13:23:44.306824,65269,-62,56,127.0.0.1
2025-11-27T13:23:47.036272,13433,-65,50,127.0.0.1
2025-11-27T13:23:49.595308,13433,-74,32,127.0.0.1
2025-11-27T13:23:52.352068,1967,-72,36,127.0.0.1
2025-11-27T13:23:55.226575,13433,-76,28,127.0.0.1
2025-11-27T13:23:58.035663,13433,-65,50,127.0.0.1
2025-11-27T13:24:00.964485,13433,-61,58,127.0.0.1
2025-11-27T13:24:03.830849,65269,-68,44,127.0.0.1
2025-11-27T13:24:06.786157,1967,-67,46,127.0.0.1
2025-11-27T13:24:10.057485,65269,-65,50,127.0.0.1
2025-11-27T13:24:12.750091,65269,-64,52,127.0.0.1
2025-11-27T13:24:15.391884,65269,-67,46,127.0.0.1
2025-11-27T13:24:17.850340,1967,-68,44,127.0.0.1
2025-11-27T13:24:20.512525,1967,-73,34,127.0.0.1
2025-11-27T13:24:22.980564,65269,-63,54,127.0.0.1
2025-11-27T13:24:25.643887,1967,-72,36,127.0.0.1
2025-11-27T13:24:28.305135,1967,-72,36,127.0.0.1
2025-11-27T13:24:34.094488,13433,-73,34,127.0.0.1
2025-11-27T13:24:38.520266,65269,-68,44,127.0.0.1
2025-11-27T13:24:41.246936,65269,-62,56,127.0.0.1
2025-11-27T13:24:43.891422,65269,-71,38,127.0.0.1
2025-11-27T13:24:46.866318,65269,-66,48,127.0.0.1
2025-11-27T13:24:53.486893,65269,-68,44,127.0.0.1
2025-11-27T13:24:56.171984,1967,-72,36,127.0.0.1
2025-11-27T13:24:58.921173,1967,-72,36,127.0.0.1
2025-11-27T13:25:03.125442,1967,-72,36,127.0.0.1
2025-11-27T13:25:10.936547,1967,-74,32,127.0.0.1
2025-11-27T13:25:13.564994,1967,-68,44,127.0.0.1
2025-11-27T13:25:16.235215,1967,-68,44,127.0.0.1
2025-11-27T13:25:18.885358,65269,-60,60,127.0.0.1
2025-11-27T13:25:25.001469,13433,-74,32,127.0.0.1
2025-11-27T13:25:29.941808,1967,-72,36,127.0.0.1
2025-11-27T13:25:32.918900,1967,-72,36,127.0.0.1
2025-11-27T13:25:35.479661,65269,-70,40,127.0.0.1
2025-11-27T13:25:38.236814,65269,-61,58,127.0.0.1
2025-11-27T13:25:40.815606,13433,-73,34,127.0.0.1
2025-11-27T13:25:43.480248,1967,-73,34,127.0.0.1
2025-11-27T13:25:46.132464,65269,-70,40,127.0.0.1
2025-11-27T13:25:49.100269,65269,-68,44,127.0.0.1
2025-11-27T13:25:55.209363,65269,-65,50,127.0.0.1
2025-11-27T13:26:01.006634,1967,-73,34,127.0.0.1
2025-11-27T13:26:03.757888,1967,-74,32,127.0.0.1
2025-11-27T13:26:06.649003,65269,-69,42,127.0.0.1
2025-11-27T13:26:09.485211,65269,-62,56,127.0.0.1
2025-11-27T13:26:12.289856,13433,-63,54,127.0.0.1
2025-11-27T13:26:14.804784,13433,-71,38,127.0.0.1
2025-11-27T13:26:19.302401,13433,-68,44,127.0.0.1
2025-11-27T13:26:22.498509,65269,-70,40,127.0.0.1
2025-11-27T13:26:25.031208,65269,-68,44,127.0.0.1
2025-11-27T13:26:27.777324,1967,-73,34,127.0.0.1
2025-11-27T13:26:34.727611,65269,-66,48,127.0.0.1
2025-11-27T13:26:40.704947,65269,-61,58,127.0.0.1
2025-11-27T13:26:44.702445,1967,-67,46,127.0.0.1
2025-11-27T13:26:47.561642,1967,-73,34,127.0.0.1
2025-11-27T13:26:50.432085,1967,-68,44,127.0.0.1
2025-11-27T13:26:53.096558,1967,-75,30,127.0.0.1
2025-11-27T13:26:55.752180,13433,-72,36,127.0.0.1
2025-11-27T13:26:58.535142,13433,-70,40,127.0.0.1
2025-11-27T13:27:01.101284,65269,-68,44,127.0.0.1
2025-11-27T13:27:04.059559,65269,-68,44,127.0.0.1
2025-11-27T13:27:06.912208,1967,-74,32,127.0.0.1
2025-11-27T13:27:09.584737,65269,-68,44,127.0.0.1
2025-11-27T13:27:12.357730,1967,-73,34,127.0.0.1
2025-11-27T13:27:15.464893,13433,-73,34,127.0.0.1
2025-11-27T13:27:18.265969,13433,-62,56,127.0.0.1
2025-11-27T13:27:21.153789,13433,-72,36,127.0.0.1
2025-11-27T13:27:24.030511,13433,-63,54,127.0.0.1
2025-11-27T13:27:26.676329,1967,-73,34,127.0.0.1
2025-11-27T13:27:30.677144,1967,-73,34,127.0.0.1
2025-11-27T13:27:33.338870,13433,-71,38,127.0.0.1
2025-11-27T13:27:36.214082,1967,-67,46,127.0.0.1
2025-11-27T13:27:38.873493,65269,-61,58,127.0.0.1
2025-11-27T13:27:42.185868,1967,-67,46,127.0.0.1
2025-11-27T13:27:47.418685,13433,-71,38,127.0.0.1
2025-11-27T13:27:51.969300,65269,-61,58,127.0.0.1
2025-11-27T13:27:54.944231,13433,-66,48,127.0.0.1
2025-11-27T13:27:57.620268,65269,-64,52,127.0.0.1
2025-11-27T13:28:00.633203,65269,-68,44,127.0.0.1
2025-11-27T13:28:07.046733,1967,-67,46,127.0.0.1
2025-11-27T13:28:10.218163,13433,-70,40,127.0.0.1
2025-11-27T13:28:12.955223,1967,-72,36,127.0.0.1
2025-11-27T13:28:15.634827,65269,-61,58,127.0.0.1
2025-11-27T13:28:25.458131,65269,-68,44,127.0.0.1
2025-11-27T13:28:28.165265,13433,-61,58,127.0.0.1
2025-11-27T13:28:30.781646,65269,-68,44,127.0.0.1
2025-11-27T13:28:33.539015,65269,-67,46,127.0.0.1
2025-11-27T13:28:38.864310,65269,-62,56,127.0.0.1
2025-11-27T13:28:44.476568,65269,-61,58,127.0.0.1
2025-11-27T13:28:49.242277,65269,-66,48,127.0.0.1
2025-11-27T13:28:54.041875,65269,-68,44,127.0.0.1
2025-11-27T13:28:57.606957,13433,-71,38,127.0.0.1
2025-11-27T13:29:00.337811,13433,-67,46,127.0.0.1
2025-11-27T13:29:03.248824,65269,-69,42,127.0.0.1
2025-11-27T13:29:05.808901,13433,-67,46,127.0.0.1
2025-11-27T13:29:12.667747,1967,-68,44,127.0.0.1
2025-11-27T13:29:16.051469,65269,-67,46,127.0.0.1
2025-11-27T13:29:18.915248,65269,-64,52,127.0.0.1
2025-11-27T13:29:21.889152,13433,-72,36,127.0.0.1
2025-11-27T13:29:27.555299,1967,-74,32,127.0.0.1
2025-11-27T13:29:31.340225,13433,-72,36,127.0.0.1
2025-11-27T13:29:33.868885,65269,-69,42,127.0.0.1
2025-11-27T13:29:36.529486,65269,-65,50,127.0.0.1
2025-11-27T13:29:39.196440,13433,-71,38,127.0.0.1
2025-11-27T13:29:42.056936,13433,-72,36,127.0.0.1
2025-11-27T13:29:57.012206,65269,-60,60,127.0.0.1
2025-11-27T13:30:00.499870,65269,-61,58,127.0.0.1
2025-11-27T13:30:03.153651,65269,-60,60,127.0.0.1
2025-11-27T13:30:05.918955,1967,-74,32,127.0.0.1
2025-11-27T13:30:11.767722,1967,-73,34,127.0.0.1
2025-11-27T13:30:17.295095,13433,-62,56,127.0.0.1
2025-11-27T13:30:22.306916,65269,-61,58,127.0.0.1
2025-11-27T13:30:24.887026,1967,-73,34,127.0.0.1
2025-11-27T13:30:27.734198,65269,-60,60,127.0.0.1
2025-11-27T13:30:30.389280,65269,-64,52,127.0.0.1
2025-11-27T13:30:33.058352,65269,-61,58,127.0.0.1
2025-11-27T13:30:35.716120,1967,-68,44,127.0.0.1
2025-11-27T13:30:38.451221,1967,-68,44,127.0.0.1
2025-11-27T13:30:41.245505,65269,-61,58,127.0.0.1
2025-11-27T13:30:44.013577,1967,-74,32,127.0.0.1
2025-11-27T13:30:46.602104,1967,-73,34,127.0.0.1
2025-11-27T13:30:49.238703,65269,-66,48,127.0.0.1
2025-11-27T13:30:52.102759,65269,-69,42,127.0.0.1
2025-11-27T13:30:54.768111,1967,-73,34,127.0.0.1
2025-11-27T13:30:57.426738,1967,-67,46,127.0.0.1
2025-11-27T13:31:00.299810,1967,-67,46,127.0.0.1
2025-11-27T13:31:02.979245,13433,-62,56,127.0.0.1
2025-11-27T13:31:05.649781,65269,-61,58,127.0.0.1
2025-11-27T13:31:08.316435,65269,-60,60,127.0.0.1
2025-11-27T13:31:10.970191,65269,-68,44,127.0.0.1
2025-11-27T13:31:13.607609,65269,-61,58,127.0.0.1
2025-11-27T13:31:16.574532,65269,-60,60,127.0.0.1
2025-11-27T13:31:19.328044,1967,-67,46,127.0.0.1
2025-11-27T13:31:22.011634,13433,-61,58,127.0.0.1
2025-11-27T13:31:24.744316,1967,-73,34,127.0.0.1
2025-11-27T13:31:27.427829,1967,-74,32,127.0.0.1
2025-11-27T13:31:30.179055,65269,-68,44,127.0.0.1
2025-11-27T13:31:33.268655,1967,-74,32,127.0.0.1
2025-11-27T13:31:36.470747,65269,-60,60,127.0.0.1
2025-11-27T13:31:39.370082,1967,-67,46,127.0.0.1
2025-11-27T13:31:49.555086,13433,-70,40,127.0.0.1
2025-11-27T13:31:56.356207,1967,-68,44,127.0.0.1
2025-11-27T13:31:59.488294,65269,-69,42,127.0.0.1
2025-11-27T13:32:02.552134,65269,-68,44,127.0.0.1
2025-11-27T13:32:05.424180,1967,-73,34,127.0.0.1
2025-11-27T13:32:08.115027,13433,-61,58,127.0.0.1
2025-11-27T13:32:10.960967,1967,-67,46,127.0.0.1
2025-11-27T13:32:16.991588,13433,-61,58,127.0.0.1
2025-11-27T13:32:22.919178,1967,-68,44,127.0.0.1
2025-11-27T13:32:39.484904,1967,-68,44,127.0.0.1
2025-11-27T13:32:52.019616,1967,-74,32,127.0.0.1
2025-11-27T13:32:55.092642,1967,-67,46,127.0.0.1
2025-11-27T13:32:57.850348,65269,-68,44,127.0.0.1
2025-11-27T13:33:00.611462,65269,-60,60,127.0.0.1
2025-11-27T13:33:04.108867,1967,-68,44,127.0.0.1
2025-11-27T13:33:06.765438,13433,-63,54,127.0.0.1
2025-11-27T13:33:09.645159,65269,-65,50,127.0.0.1
2025-11-27T13:33:12.490281,1967,-67,46,127.0.0.1
2025-11-27T13:33:18.422409,65269,-62,56,127.0.0.1
2025-11-27T13:33:21.608894,65269,-60,60,127.0.0.1
2025-11-27T13:33:24.546970,1967,-68,44,127.0.0.1
2025-11-27T13:33:27.451975,65269,-61,58,127.0.0.1
2025-11-27T13:33:30.672660,1967,-72,36,127.0.0.1
2025-11-27T13:33:34.465370,1967,-74,32,127.0.0.1
2025-11-27T13:33:37.190045,65269,-62,56,127.0.0.1
2025-11-27T13:33:39.863539,1967,-68,44,127.0.0.1
2025-11-27T13:33:42.585586,65269,-67,46,127.0.0.1
2025-11-27T13:33:45.258407,65269,-64,52,127.0.0.1
2025-11-27T13:33:48.334562,13433,-66,48,127.0.0.1
2025-11-27T13:33:52.493333,65269,-62,56,127.0.0.1
2025-11-27T13:33:58.058320,1967,-68,44,127.0.0.1
2025-11-27T13:34:00.759570,65269,-60,60,127.0.0.1
2025-11-27T13:34:03.575810,13433,-71,38,127.0.0.1
2025-11-27T13:34:06.664807,13433,-63,54,127.0.0.1
2025-11-27T13:34:09.325259,13433,-72,36,127.0.0.1
2025-11-27T13:34:12.785146,65269,-61,58,127.0.0.1
2025-11-27T13:34:16.727483,65269,-61,58,127.0.0.1
2025-11-27T13:34:19.605111,1967,-68,44,127.0.0.1
2025-11-27T13:34:22.378505,1967,-68,44,127.0.0.1
2025-11-27T13:34:25.185161,1967,-73,34,127.0.0.1
2025-11-27T13:34:28.481809,13433,-66,48,127.0.0.1
2025-11-27T13:34:31.236398,65269,-60,60,127.0.0.1
2025-11-27T13:34:35.250879,65269,-69,42,127.0.0.1
2025-11-27T13:34:41.485158,1967,-68,44,127.0.0.1
2025-11-27T13:34:46.599617,1967,-68,44,127.0.0.1
2025-11-27T13:34:49.849885,65269,-69,42,127.0.0.1
2025-11-27T13:34:53.922035,65269,-61,58,127.0.0.1
2025-11-27T13:34:56.624348,65269,-69,42,127.0.0.1
2025-11-27T13:35:00.218464,65269,-64,52,127.0.0.1
2025-11-27T13:35:03.279176,65269,-63,54,127.0.0.1
2025-11-27T13:35:06.762762,65269,-62,56,127.0.0.1
2025-11-27T13:35:12.753062,65269,-67,46,127.0.0.1
2025-11-27T13:35:16.052805,65269,-65,50,127.0.0.1
2025-11-27T13:35:18.746873,65269,-68,44,127.0.0.1
2025-11-27T13:35:21.622178,1967,-74,32,127.0.0.1
2025-11-27T13:35:24.479358,1967,-75,30,127.0.0.1
2025-11-27T13:35:27.168940,65269,-61,58,127.0.0.1
2025-11-27T13:35:29.861953,1967,-67,46,127.0.0.1
2025-11-27T13:35:32.782490,65269,-67,46,127.0.0.1
2025-11-27T13:35:38.566133,65269,-67,46,127.0.0.1
2025-11-27T13:35:42.488571,1967,-67,46,127.0.0.1
2025-11-27T13:35:45.181400,1967,-69,42,127.0.0.1
2025-11-27T13:35:50.474864,13433,-62,56,127.0.0.1
2025-11-27T13:35:53.067507,65269,-62,56,127.0.0.1
2025-11-27T13:35:55.619625,13433,-65,50,127.0.0.1
2025-11-27T13:35:58.306369,65269,-67,46,127.0.0.1
2025-11-27T13:36:00.942647,1967,-74,32,127.0.0.1
2025-11-27T13:36:03.697807,13433,-76,28,127.0.0.1
2025-11-27T13:36:06.884317,1967,-68,44,127.0.0.1
2025-11-27T13:36:09.750032,1967,-75,30,127.0.0.1
2025-11-27T13:36:12.617740,1967,-67,46,127.0.0.1
2025-11-27T13:36:18.937788,1967,-74,32,127.0.0.1
2025-11-27T13:36:22.956951,65269,-67,46,127.0.0.1
2025-11-27T13:36:26.188348,13433,-66,48,127.0.0.1
2025-11-27T13:36:30.331572,13433,-62,56,127.0.0.1
2025-11-27T13:36:33.437722,13433,-72,36,127.0.0.1
2025-11-27T13:36:37.181204,65269,-61,58,127.0.0.1
2025-11-27T13:36:39.855216,65269,-64,52,127.0.0.1
2025-11-27T13:36:42.845971,13433,-75,30,127.0.0.1
2025-11-27T13:36:45.565747,65269,-64,52,127.0.0.1
2025-11-27T13:36:48.096236,65269,-68,44,127.0.0.1
2025-11-27T13:36:50.717831,13433,-73,34,127.0.0.1
2025-11-27T13:36:53.986650,65269,-69,42,127.0.0.1
2025-11-27T13:36:56.816354,65269,-61,58,127.0.0.1
2025-11-27T13:36:59.551926,65269,-61,58,127.0.0.1
2025-11-27T13:37:02.638477,1967,-74,32,127.0.0.1
2025-11-27T13:37:07.175815,1967,-73,34,127.0.0.1
2025-11-27T13:37:11.503931,65269,-68,44,127.0.0.1
2025-11-27T13:37:14.170177,13433,-66,48,127.0.0.1
2025-11-27T13:37:16.953531,1967,-73,34,127.0.0.1
2025-11-27T13:37:19.851925,65269,-62,56,127.0.0.1
2025-11-27T13:37:22.481131,65269,-62,56,127.0.0.1
2025-11-27T13:37:26.453832,65269,-64,52,127.0.0.1
2025-11-27T13:37:31.471281,13433,-72,36,127.0.0.1
2025-11-27T13:37:34.432077,65269,-64,52,127.0.0.1
2025-11-27T13:37:37.036573,13433,-66,48,127.0.0.1
2025-11-27T13:37:46.198987,1967,-75,30,127.0.0.1
2025-11-27T13:37:49.079552,13433,-66,48,127.0.0.1
2025-11-27T13:37:51.928660,65269,-69,42,127.0.0.1
2025-11-27T13:37:54.923266,13433,-66,48,127.0.0.1
2025-11-27T13:37:57.675582,13433,-66,48,127.0.0.1
2025-11-27T13:38:00.608703,13433,-74,32,127.0.0.1
2025-11-27T13:38:03.826713,13433,-67,46,127.0.0.1
2025-11-27T13:38:06.616711,1967,-67,46,127.0.0.1
2025-11-27T13:38:09.244548,65269,-62,56,127.0.0.1
2025-11-27T13:38:11.875121,65269,-65,50,127.0.0.1
2025-11-27T13:38:16.833504,65269,-70,40,127.0.0.1
2025-11-27T13:38:19.998886,1967,-68,44,127.0.0.1
2025-11-27T13:38:22.735480,1967,-68,44,127.0.0.1
2025-11-27T13:38:26.189940,65269,-64,52,127.0.0.1
2025-11-27T13:38:28.992540,65269,-68,44,127.0.0.1
2025-11-27T13:38:31.920613,1967,-74,32,127.0.0.1
2025-11-27T13:38:34.552509,1967,-74,32,127.0.0.1
2025-11-27T13:38:37.713457,65269,-68,44,127.0.0.1
2025-11-27T13:38:40.787827,65269,-64,52,127.0.0.1
2025-11-27T13:38:43.454169,1967,-74,32,127.0.0.1
2025-11-27T13:38:46.015141,65269,-65,50,127.0.0.1
2025-11-27T13:38:48.804259,65269,-65,50,127.0.0.1
2025-11-27T13:38:52.038547,13433,-70,40,127.0.0.1
2025-11-27T13:38:54.621520,65269,-65,50,127.0.0.1
2025-11-27T13:38:57.264474,1967,-67,46,127.0.0.1
2025-11-27T13:39:00.035764,13433,-67,46,127.0.0.1
2025-11-27T13:39:02.908308,13433,-62,56,127.0.0.1
2025-11-27T13:39:05.516637,65269,-61,58,127.0.0.1
2025-11-27T13:39:08.152742,65269,-63,54,127.0.0.1
2025-11-27T13:39:11.571826,65269,-69,42,127.0.0.1
2025-11-27T13:39:18.055011,65269,-69,42,127.0.0.1
2025-11-27T13:39:22.753491,13433,-68,44,127.0.0.1
2025-11-27T13:39:33.531398,65269,-61,58,127.0.0.1
2025-11-27T13:39:38.063908,1967,-72,36,127.0.0.1
2025-11-27T13:39:40.801602,65269,-61,58,127.0.0.1
2025-11-27T13:39:44.580369,13433,-62,56,127.0.0.1
2025-11-27T13:39:47.838720,65269,-66,48,127.0.0.1
2025-11-27T13:39:50.519606,1967,-74,32,127.0.0.1
2025-11-27T13:39:53.200708,65269,-60,60,127.0.0.1
2025-11-27T13:39:55.852700,13433,-61,58,127.0.0.1
2025-11-27T13:40:02.091581,65269,-60,60,127.0.0.1
2025-11-27T13:40:04.668898,1967,-74,32,127.0.0.1
2025-11-27T13:40:07.309453,13433,-63,54,127.0.0.1
2025-11-27T13:40:10.491726,1967,-67,46,127.0.0.1
2025-11-27T13:40:13.148132,1967,-75,30,127.0.0.1
2025-11-27T13:40:15.932195,1967,-66,48,127.0.0.1
2025-11-27T13:40:18.561689,13433,-63,54,127.0.0.1
2025-11-27T13:40:21.445660,1967,-67,46,127.0.0.1
2025-11-27T13:40:27.089492,65269,-66,48,127.0.0.1
2025-11-27T13:40:34.394900,13433,-65,50,127.0.0.1
2025-11-27T13:40:38.550288,1967,-67,46,127.0.0.1
2025-11-27T13:40:44.278108,65269,-61,58,127.0.0.1
2025-11-27T13:40:46.862539,1967,-77,26,127.0.0.1
2025-11-27T13:40:50.331310,65269,-67,46,127.0.0.1
2025-11-27T13:40:59.009373,1967,-70,40,127.0.0.1
2025-11-27T13:41:05.968894,65269,-64,52,127.0.0.1
2025-11-27T13:41:09.441148,65269,-60,60,127.0.0.1
2025-11-27T13:41:13.086762,13433,-65,50,127.0.0.1
2025-11-27T13:41:19.039238,1967,-83,14,127.0.0.1
2025-11-27T13:41:21.971079,65269,-63,54,127.0.0.1
2025-11-27T13:41:24.754075,13433,-67,46,127.0.0.1
2025-11-27T13:41:27.801730,1967,-74,32,127.0.0.1
2025-11-27T13:41:30.455409,13433,-63,54,127.0.0.1
2025-11-27T13:41:34.679631,13433,-66,48,127.0.0.1
2025-11-27T13:41:37.318478,1967,-66,48,127.0.0.1
2025-11-27T13:41:39.972445,65269,-66,48,127.0.0.1
2025-11-27T13:41:43.033496,1967,-79,22,127.0.0.1
2025-11-27T13:41:45.721876,13433,-64,52,127.0.0.1
2025-11-27T13:41:48.495493,1967,-75,30,127.0.0.1
2025-11-27T13:41:51.367874,1967,-72,36,127.0.0.1
2025-11-27T13:41:54.100081,65269,-67,46,127.0.0.1
2025-11-27T13:41:57.291188,1967,-67,46,127.0.0.1
2025-11-27T13:41:59.957471,13433,-62,56,127.0.0.1
2025-11-27T13:42:03.448813,65269,-64,52,127.0.0.1
2025-11-27T13:42:06.203113,1967,-83,14,127.0.0.1
2025-11-27T13:42:08.925046,65269,-62,56,127.0.0.1
2025-11-27T13:42:11.730952,1967,-71,38,127.0.0.1
2025-11-27T13:42:14.697111,65269,-61,58,127.0.0.1
2025-11-27T13:42:17.364248,65269,-60,60,127.0.0.1
2025-11-27T13:42:20.040231,65269,-64,52,127.0.0.1
2025-11-27T13:42:22.804355,65269,-61,58,127.0.0.1
2025-11-27T13:42:25.449632,65269,-67,46,127.0.0.1
2025-11-27T13:42:28.445048,65269,-63,54,127.0.0.1
2025-11-27T13:42:31.105192,65269,-65,50,127.0.0.1
2025-11-27T13:42:33.761526,65269,-65,50,127.0.0.1
2025-11-27T13:42:36.453410,1967,-86,8,127.0.0.1
2025-11-27T13:42:39.287260,65269,-77,26,127.0.0.1
2025-11-27T13:42:41.978739,1967,-66,48,127.0.0.1
2025-11-27T13:42:44.616226,65269,-73,34,127.0.0.1
2025-11-27T13:42:47.618151,1967,-68,44,127.0.0.1
2025-11-27T13:42:50.435345,1967,-70,40,127.0.0.1
2025-11-27T13:42:53.200042,1967,-69,42,127.0.0.1
2025-11-27T13:42:56.477174,65269,-82,16,127.0.0.1
2025-11-27T13:42:59.550602,1967,-77,26,127.0.0.1
2025-11-27T13:43:02.386295,65269,-75,30,127.0.0.1
2025-11-27T13:43:05.302271,65269,-77,26,127.0.0.1
2025-11-27T13:43:07.847900,65269,-66,48,127.0.0.1
2025-11-27T13:43:10.630269,1967,-81,18,127.0.0.1
2025-11-27T13:43:13.377810,65269,-74,32,127.0.0.1
2025-11-27T13:43:16.137243,65269,-72,36,127.0.0.1
2025-11-27T13:43:18.798369,1967,-84,12,127.0.0.1
2025-11-27T13:43:21.777517,1967,-69,42,127.0.0.1
2025-11-27T13:43:24.737609,1967,-70,40,127.0.0.1
2025-11-27T13:43:27.588626,1967,-70,40,127.0.0.1
2025-11-27T13:43:30.474750,65269,-69,42,127.0.0.1
2025-11-27T13:43:33.547945,1967,-69,42,127.0.0.1
2025-11-27T13:43:36.224601,65269,-68,44,127.0.0.1
2025-11-27T13:43:38.917073,65269,-69,42,127.0.0.1
2025-11-27T13:43:41.534258,1967,-67,46,127.0.0.1
2025-11-27T13:43:43.988335,65269,-67,46,127.0.0.1
2025-11-27T13:43:46.463036,65269,-61,58,127.0.0.1
2025-11-27T13:43:49.213487,1967,-77,26,127.0.0.1
2025-11-27T13:43:51.879676,65269,-71,38,127.0.0.1
2025-11-27T13:43:54.546833,65269,-59,62,127.0.0.1
2025-11-27T13:43:57.212936,65269,-62,56,127.0.0.1
2025-11-27T13:43:59.864542,1967,-67,46,127.0.0.1
2025-11-27T13:44:02.655183,65269,-66,48,127.0.0.1
2025-11-27T13:44:05.355428,1967,-80,20,127.0.0.1
2025-11-27T13:44:07.955884,65269,-61,58,127.0.0.1
2025-11-27T13:44:11.352527,65269,-77,26,127.0.0.1
2025-11-27T13:44:14.202050,65269,-70,40,127.0.0.1
2025-11-27T13:44:17.070829,65269,-74,32,127.0.0.1
2025-11-27T13:44:19.608331,65269,-68,44,127.0.0.1
2025-11-27T13:44:22.076434,65269,-76,28,127.0.0.1
2025-11-27T13:44:24.645750,65269,-63,54,127.0.0.1
2025-11-27T13:44:27.266178,1967,-69,42,127.0.0.1
2025-11-27T13:44:29.868963,65269,-66,48,127.0.0.1
2025-11-27T13:44:32.509387,65269,-67,46,127.0.0.1
2025-11-27T13:44:35.208967,1967,-69,42,127.0.0.1
2025-11-27T13:44:37.858593,65269,-64,52,127.0.0.1
2025-11-27T13:44:40.726101,1967,-69,42,127.0.0.1
2025-11-27T13:44:43.935186,1967,-84,12,127.0.0.1
2025-11-27T13:44:46.765178,1967,-77,26,127.0.0.1
2025-11-27T13:44:49.938090,1967,-71,38,127.0.0.1
2025-11-27T13:44:52.701894,65269,-66,48,127.0.0.1
2025-11-27T13:44:55.510879,1967,-70,40,127.0.0.1
2025-11-27T13:44:59.357841,1967,-78,24,127.0.0.1
2025-11-27T13:45:02.224910,1967,-82,16,127.0.0.1
2025-11-27T13:45:04.901112,1967,-70,40,127.0.0.1
2025-11-27T13:45:07.749946,65269,-69,42,127.0.0.1
2025-11-27T13:45:10.963835,65269,-69,42,127.0.0.1
2025-11-27T13:45:14.106684,1967,-67,46,127.0.0.1
2025-11-27T13:45:16.868383,1967,-81,18,127.0.0.1
2025-11-27T13:45:19.427886,65269,-73,34,127.0.0.1
2025-11-27T13:45:22.098125,65269,-73,34,127.0.0.1
2025-11-27T13:45:24.961242,65269,-76,28,127.0.0.1
2025-11-27T13:45:27.948064,1967,-80,20,127.0.0.1
2025-11-27T13:45:30.697982,1967,-69,42,127.0.0.1
2025-11-27T13:45:35.459780,65269,-73,34,127.0.0.1
2025-11-27T13:45:38.157586,1967,-69,42,127.0.0.1
2025-11-27T13:45:40.826738,65269,-65,50,127.0.0.1
2025-11-27T13:45:43.701602,65269,-71,38,127.0.0.1
2025-11-27T13:45:46.464829,1967,-68,44,127.0.0.1
2025-11-27T13:45:49.332303,1967,-67,46,127.0.0.1
2025-11-27T13:45:52.044976,65269,-75,30,127.0.0.1
2025-11-27T13:45:56.638795,65269,-65,50,127.0.0.1
2025-11-27T13:45:59.363731,1967,-76,28,127.0.0.1
2025-11-27T13:46:02.230164,13433,-74,32,127.0.0.1
2025-11-27T13:46:04.943595,13433,-40,100,127.0.0.1
2025-11-27T13:46:07.760533,13433,-40,100,127.0.0.1
2025-11-27T13:46:10.666484,13433,-46,88,127.0.0.1
2025-11-27T13:46:13.597274,65269,-40,100,127.0.0.1
2025-11-27T13:46:18.223251,65269,-40,100,127.0.0.1
2025-11-27T13:46:21.169943,1967,-45,90,127.0.0.1
2025-11-27T13:46:23.778386,13433,-42,96,127.0.0.1
2025-11-27T13:46:26.695444,13433,-55,70,127.0.0.1
2025-11-27T13:46:29.903041,13433,-55,70,127.0.0.1
2025-11-27T13:46:33.403583,1967,-45,90,127.0.0.1
2025-11-27T13:46:36.162745,1967,-45,90,127.0.0.1
2025-11-27T13:46:41.658801,1967,-45,90,127.0.0.1
2025-11-27T13:46:44.615042,13433,-62,56,127.0.0.1
2025-11-27T13:46:47.491325,13433,-51,78,127.0.0.1
2025-11-27T13:46:50.282793,1967,-42,96,127.0.0.1
2025-11-27T13:46:53.053181,13433,-44,92,127.0.0.1
2025-11-27T13:46:55.701158,1967,-47,86,127.0.0.1
2025-11-27T13:46:58.414130,13433,-40,100,127.0.0.1
2025-11-27T13:47:01.318561,1967,-47,86,127.0.0.1
2025-11-27T13:47:03.930654,1967,-47,86,127.0.0.1
2025-11-27T13:47:06.541115,1967,-46,88,127.0.0.1
2025-11-27T13:47:09.305456,1967,-45,90,127.0.0.1
2025-11-27T13:47:13.401551,1967,-46,88,127.0.0.1
2025-11-27T13:47:17.220804,1967,-45,90,127.0.0.1
2025-11-27T13:47:19.871619,1967,-45,90,127.0.0.1
2025-11-27T13:47:22.488123,13433,-62,56,127.0.0.1
2025-11-27T13:47:25.368862,13433,-60,60,127.0.0.1
2025-11-27T13:47:28.250298,1967,-42,96,127.0.0.1
2025-11-27T13:47:31.027751,13433,-47,86,127.0.0.1
2025-11-27T13:47:33.570383,1967,-43,94,127.0.0.1
2025-11-27T13:47:36.459312,13433,-50,80,127.0.0.1
2025-11-27T13:47:40.434640,1967,-46,88,127.0.0.1
2025-11-27T13:47:43.217850,1967,-46,88,127.0.0.1
2025-11-27T13:47:45.864949,1967,-45,90,127.0.0.1
2025-11-27T13:47:48.626793,1967,-44,92,127.0.0.1
2025-11-27T13:47:51.598425,13433,-47,86,127.0.0.1
2025-11-27T13:47:54.358852,1967,-43,94,127.0.0.1
2025-11-27T13:47:57.138888,13433,-48,84,127.0.0.1
2025-11-27T13:47:59.788343,13433,-46,88,127.0.0.1
2025-11-27T13:48:02.447838,1967,-47,86,127.0.0.1
2025-11-27T13:48:05.124075,13433,-53,74,127.0.0.1
2025-11-27T13:48:07.780560,1967,-46,88,127.0.0.1
2025-11-27T13:48:10.548878,1967,-43,94,127.0.0.1
2025-11-27T13:48:13.427436,1967,-43,94,127.0.0.1
2025-11-27T13:48:16.277422,1967,-43,94,127.0.0.1
2025-11-27T13:48:19.450883,1967,-43,94,127.0.0.1
2025-11-27T13:48:22.677159,1967,-45,90,127.0.0.1
2025-11-27T13:48:25.385783,1967,-42,96,127.0.0.1
2025-11-27T13:48:28.170495,1967,-46,88,127.0.0.1
2025-11-27T13:48:31.223785,1967,-40,100,127.0.0.1
2025-11-27T13:48:53.828524,1967,-40,100,127.0.0.1
2025-11-27T13:48:56.945558,13433,-51,78,127.0.0.1
2025-11-27T13:48:59.991757,1967,-40,100,127.0.0.1
2025-11-27T13:49:02.668407,13433,-50,80,127.0.0.1
2025-11-27T13:49:08.185940,1967,-42,96,127.0.0.1
2025-11-27T13:49:11.162750,1967,-42,96,127.0.0.1
2025-11-27T13:49:14.030327,1967,-40,100,127.0.0.1
2025-11-27T13:49:16.695785,1967,-40,100,127.0.0.1
2025-11-27T13:49:19.519821,1967,-42,96,127.0.0.1
2025-11-27T13:49:22.016417,1967,-42,96,127.0.0.1
2025-11-27T13:49:24.575477,1967,-42,96,127.0.0.1
2025-11-27T13:49:27.346581,1967,-40,100,127.0.0.1
2025-11-27T13:49:30.093446,13433,-46,88,127.0.0.1
2025-11-27T13:49:32.803182,1967,-40,100,127.0.0.1
2025-11-27T13:49:35.535430,1967,-42,96,127.0.0.1
2025-11-27T13:49:38.298650,1967,-43,94,127.0.0.1
2025-11-27T13:49:41.269628,1967,-40,100,127.0.0.1
2025-11-27T13:49:44.456508,13433,-44,92,127.0.0.1
2025-11-27T13:49:47.211483,1967,-40,100,127.0.0.1
2025-11-27T13:49:50.076736,1967,-42,96,127.0.0.1
2025-11-27T13:49:52.643809,13433,-47,86,127.0.0.1
2025-11-27T13:49:55.507600,1967,-40,100,127.0.0.1
2025-11-27T13:49:58.677502,1967,-40,100,127.0.0.1
2025-11-27T13:50:01.234686,1967,-41,98,127.0.0.1
2025-11-27T13:50:03.907120,1967,-40,100,127.0.0.1
2025-11-27T13:50:06.803208,1967,-43,94,127.0.0.1
2025-11-27T13:50:09.734263,1967,-41,98,127.0.0.1
2025-11-27T13:50:12.605345,13433,-42,96,127.0.0.1
2025-11-27T13:50:15.467789,1967,-41,98,127.0.0.1
2025-11-27T13:50:18.061712,1967,-40,100,127.0.0.1
2025-11-27T13:50:20.736515,13433,-40,100,127.0.0.1
2025-11-27T13:50:23.404058,1967,-40,100,127.0.0.1
2025-11-27T13:50:26.020350,1967,-40,100,127.0.0.1
2025-11-27T13:50:28.705877,1967,-41,98,127.0.0.1
2025-11-27T13:50:31.547895,1967,-41,98,127.0.0.1
2025-11-27T13:50:34.699249,13433,-40,100,127.0.0.1
2025-11-27T13:50:37.499795,1967,-41,98,127.0.0.1
2025-11-27T13:50:40.102871,1967,-41,98,127.0.0.1
2025-11-27T13:50:42.914953,1967,-41,98,127.0.0.1
2025-11-27T13:50:45.524993,13433,-40,100,127.0.0.1
2025-11-27T13:50:48.336194,1967,-40,100,127.0.0.1
2025-11-27T13:50:51.065033,1967,-42,96,127.0.0.1
2025-11-27T13:50:53.731041,1967,-42,96,127.0.0.1
2025-11-27T13:50:56.432642,65269,-50,80,127.0.0.1
2025-11-27T13:50:59.268660,1967,-41,98,127.0.0.1
2025-11-27T13:51:01.916373,65269,-43,94,127.0.0.1
2025-11-27T13:51:06.776846,1967,-41,98,127.0.0.1
2025-11-27T13:51:09.539578,1967,-40,100,127.0.0.1
2025-11-27T13:51:12.926873,1967,-40,100,127.0.0.1
2025-11-27T13:51:15.681168,1967,-40,100,127.0.0.1
2025-11-27T13:51:18.220501,65269,-40,100,127.0.0.1
2025-11-27T13:51:20.699674,1967,-40,100,127.0.0.1
2025-11-27T13:51:23.409650,1967,-40,100,127.0.0.1
2025-11-27T13:51:26.128531,1967,-40,100,127.0.0.1
2025-11-27T13:51:28.699007,13433,-40,100,127.0.0.1
2025-11-27T13:51:31.454595,65269,-41,98,127.0.0.1
2025-11-27T13:51:34.727220,65269,-40,100,127.0.0.1
2025-11-27T13:51:37.551849,65269,-40,100,127.0.0.1
2025-11-27T13:51:39.922272,1967,-40,100,127.0.0.1
2025-11-27T13:51:42.613914,65269,-40,100,127.0.0.1
2025-11-27T13:51:45.297181,1967,-40,100,127.0.0.1
2025-11-27T13:51:47.947316,1967,-42,96,127.0.0.1
2025-11-27T13:51:50.700408,1967,-40,100,127.0.0.1
2025-11-27T13:51:53.376722,65269,-40,100,127.0.0.1
2025-11-27T13:51:56.651914,65269,-45,90,127.0.0.1
2025-11-27T13:51:59.201916,1967,-41,98,127.0.0.1
2025-11-27T13:52:01.976602,1967,-40,100,127.0.0.1
2025-11-27T13:52:04.851135,1967,-41,98,127.0.0.1
2025-11-27T13:52:07.387841,1967,-42,96,127.0.0.1
2025-11-27T13:52:10.263882,1967,-42,96,127.0.0.1
2025-11-27T13:52:12.905841,1967,-40,100,127.0.0.1
2025-11-27T13:52:15.408386,65269,-45,90,127.0.0.1
2025-11-27T13:52:18.454622,1967,-40,100,127.0.0.1
2025-11-27T13:52:21.221746,1967,-42,96,127.0.0.1
2025-11-27T13:52:24.163252,65269,-47,86,127.0.0.1
2025-11-27T13:52:26.652172,65269,-49,82,127.0.0.1
2025-11-27T13:52:29.313270,1967,-40,100,127.0.0.1
2025-11-27T13:52:31.969176,13433,-49,82,127.0.0.1
2025-11-27T13:52:34.736871,1967,-41,98,127.0.0.1
2025-11-27T13:52:37.289369,1967,-45,90,127.0.0.1
2025-11-27T13:52:40.365223,65269,-40,100,127.0.0.1
2025-11-27T13:52:43.032455,13433,-49,82,127.0.0.1
2025-11-27T13:52:45.692971,65269,-40,100,127.0.0.1
2025-11-27T13:52:48.587121,1967,-42,96,127.0.0.1
2025-11-27T13:52:51.233741,13433,-52,76,127.0.0.1
2025-11-27T13:52:53.882415,65269,-40,100,127.0.0.1
2025-11-27T13:52:56.545016,1967,-41,98,127.0.0.1
2025-11-27T13:52:59.404846,1967,-41,98,127.0.0.1
2025-11-27T13:53:02.095553,65269,-40,100,127.0.0.1
2025-11-27T13:53:04.749171,65269,-40,100,127.0.0.1
2025-11-27T13:53:07.781005,1967,-40,100,127.0.0.1
2025-11-27T13:53:10.681705,1967,-40,100,127.0.0.1
2025-11-27T13:53:13.407124,65269,-40,100,127.0.0.1
2025-11-27T13:53:17.335871,65269,-40,100,127.0.0.1
2025-11-27T13:53:20.202535,65269,-40,100,127.0.0.1
2025-11-27T13:53:22.743768,1967,-40,100,127.0.0.1
2025-11-27T13:53:25.364005,1967,-40,100,127.0.0.1
2025-11-27T13:53:27.883071,1967,-40,100,127.0.0.1
2025-11-27T13:53:30.766544,65269,-40,100,127.0.0.1
2025-11-27T13:53:33.727955,65269,-42,96,127.0.0.1
2025-11-27T13:53:48.646928,1967,-40,100,127.0.0.1
2025-11-27T13:53:51.200504,65269,-40,100,127.0.0.1
2025-11-27T13:53:53.881948,1967,-40,100,127.0.0.1
2025-11-27T13:53:56.340769,65269,-44,92,127.0.0.1
2025-11-27T13:53:58.851471,65269,-43,94,127.0.0.1
2025-11-27T13:54:01.588034,1967,-40,100,127.0.0.1
2025-11-27T13:54:04.449153,65269,-40,100,127.0.0.1
2025-11-27T13:54:09.654104,1967,-41,98,127.0.0.1
2025-11-27T13:54:12.323476,13433,-40,100,127.0.0.1
2025-11-27T13:54:15.070233,65269,-42,96,127.0.0.1
2025-11-27T13:54:17.879955,65269,-48,84,127.0.0.1
2025-11-27T13:54:20.710604,1967,-44,92,127.0.0.1
2025-11-27T13:54:23.387271,13433,-40,100,127.0.0.1
2025-11-27T13:54:26.078309,1967,-41,98,127.0.0.1
2025-11-27T13:54:28.956058,1967,-44,92,127.0.0.1
2025-11-27T13:54:31.937601,1967,-45,90,127.0.0.1
2025-11-27T13:54:35.803605,1967,-45,90,127.0.0.1
2025-11-27T13:54:38.468885,13433,-40,100,127.0.0.1
2025-11-27T13:54:41.199808,1967,-40,100,127.0.0.1
2025-11-27T13:54:44.186454,13433,-40,100,127.0.0.1
2025-11-27T13:54:47.089957,1967,-40,100,127.0.0.1
2025-11-27T13:54:49.701393,1967,-40,100,127.0.0.1
2025-11-27T13:54:52.361701,1967,-40,100,127.0.0.1
2025-11-27T13:54:55.332469,13433,-40,100,127.0.0.1
2025-11-27T13:54:58.196183,1967,-41,98,127.0.0.1
2025-11-27T13:55:00.677524,1967,-40,100,127.0.0.1
2025-11-27T13:55:03.728148,1967,-40,100,127.0.0.1
2025-11-27T13:55:06.604634,1967,-40,100,127.0.0.1
2025-11-27T13:55:09.482178,1967,-40,100,127.0.0.1
2025-11-27T13:55:12.387494,13433,-40,100,127.0.0.1
2025-11-27T13:55:15.053243,1967,-40,100,127.0.0.1
2025-11-27T13:55:17.745657,65269,-40,100,127.0.0.1
2025-11-27T13:55:20.830967,1967,-40,100,127.0.0.1
2025-11-27T13:55:23.413252,65269,-40,100,127.0.0.1
2025-11-27T13:55:26.254845,1967,-40,100,127.0.0.1
2025-11-27T13:55:28.943882,1967,-41,98,127.0.0.1
2025-11-27T13:56:03.959230,1967,-83,14,127.0.0.1
2025-11-27T13:56:06.666270,1967,-78,24,127.0.0.1
2025-11-27T13:56:09.666426,1967,-83,14,127.0.0.1
2025-11-27T13:56:12.361093,1967,-71,38,127.0.0.1
2025-11-27T13:56:15.305419,1967,-83,14,127.0.0.1
2025-11-27T13:56:18.068915,1967,-83,14,127.0.0.1
2025-11-27T13:56:21.106494,13433,-78,24,127.0.0.1
2025-11-27T13:56:24.168144,1967,-81,18,127.0.0.1
2025-11-27T13:56:27.275597,1967,-83,14,127.0.0.1
2025-11-27T13:56:30.048975,1967,-82,16,127.0.0.1
2025-11-27T13:56:32.650701,13433,-73,34,127.0.0.1
2025-11-27T13:56:35.483733,13433,-84,12,127.0.0.1
2025-11-27T13:56:38.864928,1967,-72,36,127.0.0.1
2025-11-27T13:56:41.666963,1967,-84,12,127.0.0.1
2025-11-27T13:56:44.385736,13433,-79,22,127.0.0.1
2025-11-27T13:56:47.332827,13433,-78,24,127.0.0.1
2025-11-27T13:56:50.227903,13433,-76,28,127.0.0.1
2025-11-27T13:56:53.100847,1967,-87,6,127.0.0.1
2025-11-27T13:56:55.734761,1967,-88,4,127.0.0.1
2025-11-27T13:56:58.749536,1967,-88,4,127.0.0.1
2025-11-27T13:57:01.550922,1967,-90,0,127.0.0.1
2025-11-27T13:57:04.127050,13433,-69,42,127.0.0.1
2025-11-27T13:57:06.651468,1967,-90,0,127.0.0.1
2025-11-27T13:57:09.480139,13433,-77,26,127.0.0.1
2025-11-27T13:57:12.320980,1967,-82,16,127.0.0.1
2025-11-27T13:57:15.312699,1967,-89,2,127.0.0.1
2025-11-27T13:57:17.877294,13433,-69,42,127.0.0.1
2025-11-27T13:57:20.740497,1967,-82,16,127.0.0.1
2025-11-27T13:57:23.814904,1967,-90,0,127.0.0.1
2025-11-27T13:57:26.889048,1967,-90,0,127.0.0.1
2025-11-27T13:57:29.750382,13433,-70,40,127.0.0.1
2025-11-27T13:57:32.721527,1967,-83,14,127.0.0.1
2025-11-27T13:57:35.589051,1967,-80,20,127.0.0.1
2025-11-27T13:57:38.454885,13433,-70,40,127.0.0.1
2025-11-27T13:57:41.321741,1967,-82,16,127.0.0.1
2025-11-27T13:57:43.883500,1967,-85,10,127.0.0.1
2025-11-27T13:57:46.856614,1967,-81,18,127.0.0.1
2025-11-27T13:57:49.732171,1967,-85,10,127.0.0.1
2025-11-27T13:57:52.896346,1967,-79,22,127.0.0.1
2025-11-27T13:57:55.680617,1967,-90,0,127.0.0.1
2025-11-27T13:57:58.644774,13433,-78,24,127.0.0.1
2025-11-27T13:58:01.318823,13433,-76,28,127.0.0.1
2025-11-27T13:58:08.353383,65269,-83,14,127.0.0.1
2025-11-27T13:58:11.232836,65269,-68,44,127.0.0.1
2025-11-27T13:58:13.845274,65269,-79,22,127.0.0.1
2025-11-27T13:58:16.566604,65269,-89,2,127.0.0.1
2025-11-27T13:58:19.140254,65269,-78,24,127.0.0.1
2025-11-27T13:58:21.796178,65269,-82,16,127.0.0.1
2025-11-27T13:58:24.596876,65269,-76,28,127.0.0.1
2025-11-27T13:58:27.344037,65269,-90,0,127.0.0.1
2025-11-27T13:58:30.127545,65269,-90,0,127.0.0.1
2025-11-27T13:58:33.986109,65269,-81,18,127.0.0.1
2025-11-27T13:58:38.483578,65269,-84,12,127.0.0.1
2025-11-27T13:58:42.063463,65269,-88,4,127.0.0.1
2025-11-27T13:58:45.252088,13433,-90,0,127.0.0.1
2025-11-27T13:58:47.971035,13433,-90,0,127.0.0.1
2025-11-27T13:58:50.730799,65269,-90,0,127.0.0.1
2025-11-27T13:58:53.644048,65269,-88,4,127.0.0.1
2025-11-27T13:58:57.447533,65269,-83,14,127.0.0.1
2025-11-27T13:59:00.320173,13433,-84,12,127.0.0.1
2025-11-27T13:59:03.777805,65269,-90,0,127.0.0.1
2025-11-27T13:59:07.667046,65269,-87,6,127.0.0.1
2025-11-27T13:59:14.608487,65269,-86,8,127.0.0.1
2025-11-27T13:59:29.203876,65269,-90,0,127.0.0.1
2025-11-27T13:59:29.205403,1967,-90,0,127.0.0.1
2025-11-27T13:59:33.029133,1967,-90,0,127.0.0.1
2025-11-27T13:59:36.185135,65269,-90,0,127.0.0.1
2025-11-27T13:59:39.668571,65269,-85,10,127.0.0.1
2025-11-27T13:59:46.010679,65269,-88,4,127.0.0.1
2025-11-27T13:59:48.828119,1967,-90,0,127.0.0.1
2025-11-27T13:59:51.711136,13433,-90,0,127.0.0.1
2025-11-27T13:59:54.648796,65269,-88,4,127.0.0.1
2025-11-27T13:59:57.451174,1967,-90,0,127.0.0.1
2025-11-27T14:00:00.067709,13433,-90,0,127.0.0.1
2025-11-27T14:00:02.743409,65269,-71,38,127.0.0.1
2025-11-27T14:00:05.401559,65269,-78,24,127.0.0.1
2025-11-27T14:00:09.494522,65269,-90,0,127.0.0.1
2025-11-27T14:00:12.366314,1967,-90,0,127.0.0.1
2025-11-27T14:00:15.233375,65269,-90,0,127.0.0.1
2025-11-27T14:00:17.901848,65269,-89,2,127.0.0.1
2025-11-27T14:00:20.580360,65269,-72,36,127.0.0.1
2025-11-27T14:00:23.215798,65269,-84,12,127.0.0.1
2025-11-27T14:00:26.089075,65269,-90,0,127.0.0.1
2025-11-27T14:00:28.963396,65269,-90,0,127.0.0.1
2025-11-27T14:00:31.731138,13433,-82,16,127.0.0.1
2025-11-27T14:00:34.905911,65269,-90,0,127.0.0.1
2025-11-27T14:00:37.842627,13433,-79,22,127.0.0.1
2025-11-27T14:00:40.531171,13433,-70,40,127.0.0.1
2025-11-27T14:00:43.595067,13433,-81,18,127.0.0.1
2025-11-27T14:00:46.684280,65269,-87,6,127.0.0.1
2025-11-27T14:00:49.498932,65269,-90,0,127.0.0.1
2025-11-27T14:00:52.400287,65269,-80,20,127.0.0.1
2025-11-27T14:00:55.957128,65269,-73,34,127.0.0.1
2025-11-27T14:00:58.849848,65269,-81,18,127.0.0.1
2025-11-27T14:01:01.612631,65269,-76,28,127.0.0.1
2025-11-27T14:01:04.391377,65269,-72,36,127.0.0.1
2025-11-27T14:01:07.045219,65269,-78,24,127.0.0.1
2025-11-27T14:01:09.845721,65269,-61,58,127.0.0.1
2025-11-27T14:17:05.818506,1967,-66,48,127.0.0.1
2025-11-27T14:17:08.576011,1967,-66,48,127.0.0.1
2025-11-27T14:17:11.245110,1967,-66,48,127.0.0.1
2025-11-27T14:17:14.096354,65269,-73,34,127.0.0.1
2025-11-27T14:17:16.775995,1967,-66,48,127.0.0.1
2025-11-27T14:17:19.419878,1967,-70,40,127.0.0.1
2025-11-27T14:17:22.612262,65269,-63,54,127.0.0.1
2025-11-27T14:17:25.161586,65269,-68,44,127.0.0.1
2025-11-27T14:17:27.606704,1967,-63,54,127.0.0.1
2025-11-27T14:17:30.602104,65269,-65,50,127.0.0.1
2025-11-27T14:17:33.775375,65269,-62,56,127.0.0.1
2025-11-27T14:17:36.410200,65269,-62,56,127.0.0.1
2025-11-27T14:17:39.113626,1967,-62,56,127.0.0.1
2025-11-27T14:17:41.963746,65269,-66,48,127.0.0.1
2025-11-27T14:17:44.626476,65269,-61,58,127.0.0.1
2025-11-27T14:17:47.201363,65269,-79,22,127.0.0.1
2025-11-27T14:17:50.056041,65269,-70,40,127.0.0.1
2025-11-27T14:17:53.218688,65269,-63,54,127.0.0.1
2025-11-27T14:17:55.890075,1967,-71,38,127.0.0.1
2025-11-27T14:17:58.864143,1967,-59,62,127.0.0.1
2025-11-27T14:18:01.630957,65269,-62,56,127.0.0.1
2025-11-27T14:18:04.289410,1967,-67,46,127.0.0.1
2025-11-27T14:18:07.144277,1967,-63,54,127.0.0.1
2025-11-27T14:18:09.917207,65269,-71,38,127.0.0.1
2025-11-27T14:18:12.485848,65269,-63,54,127.0.0.1
2025-11-27T14:18:15.553665,65269,-60,60,127.0.0.1
2025-11-27T14:18:18.226063,1967,-89,2,127.0.0.1
2025-11-27T14:18:20.995603,1967,-77,26,127.0.0.1
2025-11-27T14:18:23.744061,65269,-58,64,127.0.0.1
2025-11-27T14:18:26.392941,65269,-64,52,127.0.0.1
2025-11-27T14:18:28.845083,1967,-70,40,127.0.0.1
2025-11-27T14:18:31.731625,1967,-63,54,127.0.0.1
2025-11-27T14:18:34.393267,65269,-68,44,127.0.0.1
